CREATE DATABASE IF NOT EXISTS `relis_dev_correct_admin`;

USE `test_import`;

SET foreign_key_checks = 0;

DROP TABLE IF EXISTS `admin_config`;

CREATE TABLE `admin_config` (
  `config_id` int(11) NOT NULL AUTO_INCREMENT,
  `config_label` varchar(100) NOT NULL,
  `config_value` varchar(100) NOT NULL,
  `config_description` varchar(500) DEFAULT NULL,
  `config_user` int(11) NOT NULL DEFAULT '0',
  `config_active` int(1) NOT NULL DEFAULT '1',
  PRIMARY KEY (`config_id`)
) ENGINE=InnoDB DEFAULT CHARSET=latin1;



DROP TABLE IF EXISTS `config`;

CREATE TABLE `config` (
  `config_id` int(11) NOT NULL AUTO_INCREMENT,
  `config_type` varchar(15) NOT NULL DEFAULT 'default',
  `project_title` varchar(500) DEFAULT NULL,
  `project_description` text,
  `default_lang` varchar(15) NOT NULL DEFAULT 'en',
  `creator` int(11) NOT NULL DEFAULT '1',
  `run_setup` int(1) NOT NULL DEFAULT '0',
  `rec_per_page` int(4) NOT NULL DEFAULT '30',
  `config_active` int(1) NOT NULL DEFAULT '1',
  PRIMARY KEY (`config_id`)
) ENGINE=InnoDB AUTO_INCREMENT=2 DEFAULT CHARSET=latin1;

INSERT INTO `config` VALUES ("1","default","Admin","Admin project","en","1","0","30","1");


DROP TABLE IF EXISTS `config_admin`;

CREATE TABLE `config_admin` (
  `config_id` int(11) NOT NULL AUTO_INCREMENT,
  `config_type` varchar(100) NOT NULL,
  `editor_url` varchar(100) NOT NULL,
  `editor_generated_path` varchar(100) NOT NULL,
  `track_comment_on` int(2) NOT NULL DEFAULT '0',
  `list_trim_nbr` int(3) NOT NULL DEFAULT '80',
  `first_connect` int(2) NOT NULL DEFAULT '0',
  `config_active` int(1) NOT NULL DEFAULT '1',
  PRIMARY KEY (`config_id`)
) ENGINE=InnoDB AUTO_INCREMENT=2 DEFAULT CHARSET=latin1;

INSERT INTO `config_admin` VALUES ("1","","http://127.0.0.1:8080/relis/texteditor","C:dslforge_workspace","0","80","0","1");


DROP TABLE IF EXISTS `debug`;

CREATE TABLE `debug` (
  `debug_id` int(11) NOT NULL AUTO_INCREMENT,
  `title` varchar(1000) NOT NULL,
  `comment` varchar(1000) DEFAULT NULL,
  `page_code` varchar(200) DEFAULT NULL,
  `page_url` varchar(200) DEFAULT NULL,
  `debug_picture` longblob,
  `created_by` int(11) NOT NULL,
  `creation_time` timestamp NOT NULL DEFAULT CURRENT_TIMESTAMP,
  `status` enum('New','Progress','Info','Done') DEFAULT NULL,
  `debug_active` int(1) NOT NULL DEFAULT '1',
  PRIMARY KEY (`debug_id`)
) ENGINE=InnoDB AUTO_INCREMENT=4 DEFAULT CHARSET=latin1;

INSERT INTO `debug` VALUES ("1","test","","managerprojects_list","http://localhost/relis/relis_dev/manager/projects_list.html","","1","2017-09-05 19:17:17","New","1"),
("2","check those authors","","managerprojects_list","http://localhost/relis/relis_dev/manager/projects_list.html","","1","2017-09-05 20:01:02","New","1"),
("3","ddddddddddddddddddddddddddd","","managerprojects_list","http://localhost/relis/relis_dev/manager/projects_list.html","","1","2017-09-05 20:01:07","New","1");


DROP TABLE IF EXISTS `info`;

CREATE TABLE `info` (
  `info_id` int(11) NOT NULL AUTO_INCREMENT,
  `info_title` varchar(500) NOT NULL,
  `info_desc` varchar(1000) DEFAULT NULL,
  `info_link` varchar(500) DEFAULT NULL,
  `info_type` enum('Home','Features','Help','Reference') NOT NULL DEFAULT 'Help',
  `info_order` int(2) NOT NULL DEFAULT '1',
  `info_active` int(1) NOT NULL DEFAULT '1',
  PRIMARY KEY (`info_id`)
) ENGINE=InnoDB AUTO_INCREMENT=15 DEFAULT CHARSET=latin1;

INSERT INTO `info` VALUES ("1","ReLiS : a tool for conducting Systematic Review","Systematic Review (SR) is a technique used to search for evidence in scientific literature that is conducted in a formal manner, applying well-defined steps, according to a previously elaborated protocol. As the SR has many steps and activities, its execution is laborious and repetitive. Therefore, the support of a computational tool is essential to improve the quality of its application. ReLiS is a tool to help in  planning, conducting and reporting the review.<br/>\r\n<i>ReLiS stands for <b>Revue Litteraire Systématique</b> which is French for <b> Systematic Literature Reviews</b>  Relis literally translates to “reread”.</i>\r\n","","Home","1","1"),
("2","Plan the review","ReLiS features a domain specific language to define a protocol that will guide the process of conducting the review. That protocol will help to generate a project tailored to the needs of the review.","","Features","1","1"),
("3","Import papers","ReLiS allow to add papers manually or import a list of them from CSV, BibTeX or EndNote files","","Features","2","1"),
("4","Screen papers","Each paper can be assigned automatically or manually to a number of reviewers and a reviewer  can start screening the corpus and decide which paper to include and which one to exclude.","","Features","3","1"),
("5","Create user account","","create_account.mp4","Help","1","1"),
("6","Add reviewers to project","","add_user_to_project.mp4","Help","2","1"),
("7","Import papers","ReLiS allow to add papers manually or import a list of them from CSV, BibTeX or EndNote files","add_papers.mp4","Help","4","1"),
("8","Learn more about the tool in:","<p>B. Bigendako. and E. Syriani. Modeling a Tool for Conducting Systematic Reviews Iteratively. <i>Proceedings of the 6th International Conference on Model-Driven Engineering and Software Development</i>. pp. 552–559. (2018).</p>\r\n<p><center></center></p>","","Reference","1","1"),
("9","Assess quality","Researchers can assess the quality of selected studies by using forms customised to the review.","","Features","4","1"),
("10","Do data extraction","Researchers extracts the relevant data from each included paper according to the categories of a classification scheme he predefined for the study.","","Features","6","1"),
("11","Export results","Extracted data are automatically synthesized in tables and charts and can be exported for further analysis.","","Features","7","1"),
("12","Add a project","","new_project.mp4","Help","2","1"),
("13","Data extraction  (or classification)","","data_extraction.mp4","Help","10","1"),
("14","Screening","","screening.mp4","Help","6","1");


DROP TABLE IF EXISTS `log`;

CREATE TABLE `log` (
  `log_id` int(11) NOT NULL AUTO_INCREMENT,
  `log_type` varchar(50) NOT NULL,
  `log_user_id` int(11) NOT NULL,
  `log_event` varchar(200) NOT NULL,
  `log_time` timestamp NOT NULL DEFAULT CURRENT_TIMESTAMP,
  `log_publish` int(2) NOT NULL DEFAULT '1',
  `log_ip_address` varchar(200) DEFAULT NULL,
  `log_active` int(1) NOT NULL DEFAULT '1',
  PRIMARY KEY (`log_id`)
) ENGINE=InnoDB AUTO_INCREMENT=380 DEFAULT CHARSET=latin1;

INSERT INTO `log` VALUES ("1","Disconnection","1","User disconnected","2017-12-05 12:25:55","1","::1","0"),
("2","Connection","1","User connected","2017-12-05 12:25:56","1","::1","0"),
("3","Connection","6","API connected","2017-12-05 12:26:18","0","::1","0"),
("4","Connection","1","User connected","2017-12-05 12:26:25","1","::1","0"),
("5","Connection","1","User connected","2017-12-15 17:33:04","1","::1","0"),
("6","Connection","1","User connected","2017-12-15 21:13:10","1","::1","0"),
("7","Connection","1","User connected","2017-12-18 18:59:44","1","::1","0"),
("8","Connection","6","User connected","2017-12-22 19:55:07","1","::1","0"),
("9","Disconnection","6","User disconnected","2017-12-22 19:55:20","1","::1","0"),
("10","Connection","1","User connected","2017-12-22 19:55:26","1","::1","0"),
("11","Disconnection","1","User disconnected","2017-12-22 19:56:12","1","::1","0"),
("12","Connection","6","User connected","2017-12-22 19:56:15","1","::1","0"),
("13","Disconnection","6","User disconnected","2017-12-22 20:03:03","1","::1","0"),
("14","Connection","6","User connected","2017-12-22 20:03:14","1","::1","0"),
("15","Disconnection","6","User disconnected","2017-12-22 20:04:15","1","::1","0"),
("16","Connection","6","User connected","2017-12-22 20:05:10","1","::1","0"),
("17","Disconnection","6","User disconnected","2017-12-22 20:05:35","1","::1","0"),
("18","Connection","6","User connected","2017-12-22 20:06:05","1","::1","0"),
("19","Connection","6","User connected","2017-12-22 20:07:24","1","::1","0"),
("20","Connection","6","User connected","2017-12-22 20:07:28","1","::1","0"),
("21","Disconnection","6","User disconnected","2017-12-22 20:07:58","1","::1","0"),
("22","Connection","6","User connected","2017-12-22 20:08:07","1","::1","0"),
("23","Connection","1","User connected","2018-01-07 02:07:15","1","::1","0"),
("24","Connection","1","User connected","2018-01-07 22:45:48","1","::1","0"),
("25","Connection","1","User connected","2018-01-15 11:52:45","1","::1","0"),
("26","Connection","1","User connected","2018-01-16 14:16:42","1","::1","0"),
("27","Connection","1","User connected","2018-01-22 13:18:29","1","::1","0"),
("28","Connection","1","User connected","2018-01-22 15:58:40","1","::1","0"),
("29","Connection","1","User connected","2018-01-25 12:26:51","1","::1","0"),
("30","Disconnection","1","User disconnected","2018-01-25 13:04:21","1","::1","0"),
("31","Connection","1","User connected","2018-01-25 13:04:42","1","::1","0"),
("32","Connection","1","User connected","2018-01-31 12:02:22","1","::1","0"),
("33","publish","1","Project mt_class published","2018-01-31 15:52:44","1","::1","0"),
("34","publish","1","Project mt_class published","2018-01-31 15:53:14","1","::1","0"),
("35","publish","1","Project mt_class published","2018-01-31 15:53:53","1","::1","0"),
("36","publish","1","Project mt_class published","2018-01-31 15:54:29","1","::1","0"),
("37","publish","1","Project mt_class published","2018-01-31 15:54:31","1","::1","0"),
("38","publish","1","Project mt_class published","2018-01-31 15:54:40","1","::1","0"),
("39","publish","1","Project mt_class published","2018-01-31 15:54:52","1","::1","0"),
("40","Disconnection","1","User disconnected","2018-01-31 15:55:03","1","::1","0"),
("41","Connection","1","User connected","2018-01-31 15:55:06","1","::1","0"),
("42","publish","1","Project mt_class published","2018-01-31 15:57:47","1","::1","0"),
("43","publish","1","Project mt_class published","2018-01-31 15:57:55","1","::1","0"),
("44","publish","1","Project mt_class published","2018-01-31 15:58:21","1","::1","0"),
("45","publish","1","Project mt_class published","2018-01-31 15:58:30","1","::1","0"),
("46","Connection","1","User connected","2018-01-31 16:08:04","1","::1","0"),
("47","Disconnection","1","User disconnected","2018-01-31 16:12:23","1","::1","0"),
("48","Connection","1","User connected","2018-01-31 16:13:35","1","::1","0"),
("49","publish","1","Project mt_all published","2018-01-31 16:20:58","1","::1","0"),
("50","publish","1","Project mt_all published","2018-01-31 16:21:11","1","::1","0"),
("51","publish","1","Project mt_all published","2018-01-31 16:22:45","1","::1","0"),
("52","publish","1","Project mt_all reopened","2018-01-31 16:22:58","1","::1","0"),
("53","publish","1","Project mt_class reopened","2018-01-31 16:23:06","1","::1","0"),
("54","publish","1","Project mt_all published","2018-01-31 16:23:14","1","::1","0"),
("55","publish","1","Project mt_all reopened","2018-01-31 16:28:14","1","::1","0"),
("56","publish","1","Project mt_class published","2018-01-31 16:28:25","1","::1","0"),
("57","publish","1","Project mt_class reopened","2018-01-31 16:38:22","1","::1","0"),
("58","publish","1","Project mt_all published","2018-01-31 16:38:35","1","::1","0"),
("59","publish","1","Project mt_all reopened","2018-01-31 17:32:21","1","::1","0"),
("60","publish","1","Project mt_all published","2018-01-31 17:33:12","1","::1","0"),
("61","Disconnection","1","User disconnected","2018-01-31 18:39:22","1","::1","0"),
("62","Connection","1","User connected","2018-01-31 18:40:41","1","::1","0"),
("63","Disconnection","1","User disconnected","2018-01-31 19:07:04","1","::1","0"),
("64","Connection","1","User connected","2018-01-31 19:07:06","1","::1","0"),
("65","Disconnection","1","User disconnected","2018-01-31 19:09:31","1","::1","0"),
("66","Connection","1","User connected","2018-02-05 12:14:29","1","::1","0"),
("67","Disconnection","1","User disconnected","2018-02-05 13:34:01","1","::1","0"),
("68","Connection","1","User connected","2018-02-05 13:34:41","1","::1","0"),
("69","Disconnection","1","User disconnected","2018-02-05 14:06:29","1","::1","0"),
("70","Connection","1","User connected","2018-02-05 14:19:56","1","::1","0"),
("71","Disconnection","1","User disconnected","2018-02-05 14:20:02","1","::1","0"),
("72","Connection","1","User connected","2018-02-05 17:46:37","1","::1","0"),
("73","Connection","1","User connected","2018-02-05 20:43:00","1","::1","0"),
("74","Connection","1","User connected","2018-02-06 10:48:47","1","::1","0"),
("75","publish","1","Project mt_all reopened","2018-02-06 10:49:29","1","::1","0"),
("76","Disconnection","1","User disconnected","2018-02-06 11:28:16","1","::1","0"),
("77","Connection","1","User connected","2018-02-06 11:32:52","1","::1","0"),
("78","Disconnection","1","User disconnected","2018-02-06 11:32:57","1","::1","0"),
("79","Connection","1","User connected","2018-02-06 12:54:20","1","::1","0"),
("80","Disconnection","1","User disconnected","2018-02-06 12:55:36","1","::1","0"),
("81","Connection","1","User connected","2018-02-06 12:56:38","1","::1","0"),
("82","Disconnection","1","User disconnected","2018-02-06 12:56:43","1","::1","0"),
("83","Connection","1","User connected","2018-02-06 13:15:39","1","::1","0"),
("84","Disconnection","1","User disconnected","2018-02-06 13:15:44","1","::1","0"),
("85","Connection","1","User connected","2018-02-06 13:15:49","1","::1","0"),
("86","Disconnection","1","User disconnected","2018-02-06 13:15:54","1","::1","0"),
("87","Connection","1","User connected","2018-02-06 13:19:19","1","::1","0"),
("88","Disconnection","1","User disconnected","2018-02-06 13:19:29","1","::1","0"),
("89","Connection","1","User connected","2018-02-06 13:19:50","1","::1","0"),
("90","Disconnection","1","User disconnected","2018-02-06 13:19:54","1","::1","0"),
("91","Connection","1","User connected","2018-02-06 16:51:32","1","::1","0"),
("92","Disconnection","1","User disconnected","2018-02-06 16:51:40","1","::1","0"),
("93","Connection","1","User connected","2018-02-06 16:52:10","1","::1","0"),
("94","Disconnection","1","User disconnected","2018-02-06 16:52:33","1","::1","0"),
("95","Connection","2","User connected","2018-02-06 16:52:44","1","::1","0"),
("96","Connection","1","User connected","2018-02-07 11:42:41","1","::1","0"),
("97","Connection","1","User connected","2018-02-07 16:10:06","1","::1","0"),
("98","Disconnection","1","User disconnected","2018-02-07 19:53:04","1","::1","0"),
("99","Connection","1","User connected","2018-02-07 20:46:34","1","::1","0"),
("100","Connection","1","User connected","2018-02-08 10:49:51","1","::1","0"),
("101","Disconnection","1","User disconnected","2018-02-08 11:58:28","1","::1","0"),
("102","Connection","1","User connected","2018-02-08 12:03:41","1","::1","0"),
("103","Disconnection","1","User disconnected","2018-02-08 12:40:08","1","::1","0"),
("104","Connection","1","User connected","2018-02-08 12:41:04","1","::1","0"),
("105","Disconnection","1","User disconnected","2018-02-08 12:41:52","1","::1","0"),
("106","Connection","1","User connected","2018-02-08 12:50:40","1","::1","0"),
("107","Connection","1","User connected","2018-02-09 16:12:27","1","::1","0"),
("108","publish","1","Project mt_class published","2018-02-09 16:12:34","1","::1","0"),
("109","publish","1","Project mt_class reopened","2018-02-09 16:12:43","1","::1","0"),
("110","Disconnection","1","User disconnected","2018-02-09 16:55:22","1","::1","0"),
("111","Connection","1","User connected","2018-02-09 18:32:07","1","::1","0"),
("112","Disconnection","1","User disconnected","2018-02-09 20:08:02","1","::1","0"),
("113","Connection","1","User connected","2018-02-11 13:17:59","1","::1","0"),
("114","publish","1","Project mt_2 published","2018-02-11 13:18:37","1","::1","0"),
("115","publish","1","Project mt_2 reopened","2018-02-11 13:18:47","1","::1","0"),
("116","Disconnection","1","User disconnected","2018-02-11 15:18:57","1","::1","0"),
("117","Connection","1","User connected","2018-02-12 10:26:59","1","::1","0"),
("118","Disconnection","1","User disconnected","2018-02-12 11:21:21","1","::1","0"),
("119","Connection","1","User connected","2018-02-12 11:24:28","1","::1","0"),
("120","Disconnection","1","User disconnected","2018-02-12 11:59:53","1","::1","0"),
("121","Connection","1","User connected","2018-02-12 12:39:49","1","::1","0"),
("122","Disconnection","1","User disconnected","2018-02-12 12:55:31","1","::1","0"),
("123","Connection","1","User connected","2018-02-12 12:57:34","1","::1","0"),
("124","Disconnection","1","User disconnected","2018-02-12 13:09:13","1","::1","0"),
("125","Connection","1","User connected","2018-02-12 13:27:19","1","::1","0"),
("126","Disconnection","1","User disconnected","2018-02-12 13:29:06","1","::1","0"),
("127","Connection","1","User connected","2018-02-12 14:25:33","1","::1","0"),
("128","Disconnection","1","User disconnected","2018-02-12 14:25:38","1","::1","0"),
("129","Connection","1","User connected","2018-02-12 14:40:08","1","::1","0"),
("130","Disconnection","1","User disconnected","2018-02-12 14:42:35","1","::1","0"),
("131","Connection","1","User connected","2018-02-12 16:44:12","1","::1","0"),
("132","Disconnection","1","User disconnected","2018-02-12 16:46:04","1","::1","0"),
("133","Connection","10","User connected","2018-02-12 17:06:04","1","::1","0"),
("134","Disconnection","10","User disconnected","2018-02-12 17:07:14","1","::1","0"),
("135","Connection","10","User connected","2018-02-12 17:07:32","1","::1","0"),
("136","Disconnection","10","User disconnected","2018-02-12 17:17:41","1","::1","0"),
("137","Connection","1","User connected","2018-02-12 17:22:45","1","::1","0"),
("138","Connection","12","User connected","2018-02-12 17:27:58","1","::1","0"),
("139","Disconnection","12","User disconnected","2018-02-12 17:28:26","1","::1","0"),
("140","Connection","12","User connected","2018-02-13 00:39:44","1","::1","0"),
("141","Disconnection","12","User disconnected","2018-02-13 00:40:23","1","::1","0"),
("142","Connection","12","User connected","2018-02-13 00:44:18","1","::1","0"),
("143","Disconnection","12","User disconnected","2018-02-13 00:46:38","1","::1","0"),
("144","Connection","14","User connected","2018-02-13 01:10:59","1","::1","0"),
("145","Disconnection","14","User disconnected","2018-02-13 01:11:52","1","::1","0"),
("146","Connection","1","User connected","2018-02-13 01:25:21","1","::1","0"),
("147","Disconnection","1","User disconnected","2018-02-13 01:26:05","1","::1","0"),
("148","Connection","1","User connected","2018-02-13 01:26:47","1","::1","0"),
("149","Disconnection","1","User disconnected","2018-02-13 01:27:12","1","::1","0"),
("150","Connection","1","User connected","2018-02-13 01:49:45","1","::1","0"),
("151","Disconnection","1","User disconnected","2018-02-13 01:54:13","1","::1","0"),
("152","Connection","1","User connected","2018-02-13 01:54:18","1","::1","0"),
("153","Disconnection","1","User disconnected","2018-02-13 01:56:39","1","::1","0"),
("154","Connection","1","User connected","2018-02-13 01:56:50","1","::1","0"),
("155","Connection","1","User connected","2018-02-13 01:58:17","1","::1","0"),
("156","Disconnection","1","User disconnected","2018-02-13 02:01:09","1","::1","0"),
("157","Disconnection","1","User disconnected","2018-02-13 02:11:20","1","::1","0"),
("158","Connection","1","User connected","2018-02-13 02:17:27","1","::1","0"),
("159","Disconnection","1","User disconnected","2018-02-13 02:21:01","1","::1","0"),
("160","Connection","14","User connected","2018-02-13 02:42:33","1","::1","0"),
("161","Connection","1","User connected","2018-02-13 07:22:02","1","::1","0"),
("162","Disconnection","1","User disconnected","2018-02-13 07:25:20","1","::1","0"),
("163","Connection","1","User connected","2018-02-13 07:49:58","1","::1","0"),
("164","Disconnection","1","User disconnected","2018-02-13 07:54:35","1","::1","0"),
("165","Connection","1","User connected","2018-02-13 08:18:11","1","::1","0"),
("166","Disconnection","1","User disconnected","2018-02-13 08:19:12","1","::1","0"),
("167","Connection","1","User connected","2018-02-13 08:20:19","1","::1","0"),
("168","Disconnection","1","User disconnected","2018-02-13 08:21:48","1","::1","0"),
("169","Connection","1","User connected","2018-02-13 08:22:41","1","::1","0"),
("170","Disconnection","1","User disconnected","2018-02-13 08:47:26","1","::1","0"),
("171","Connection","1","User connected","2018-02-13 08:47:31","1","::1","0"),
("172","Disconnection","1","User disconnected","2018-02-13 09:24:34","1","::1","0"),
("173","Connection","1","User connected","2018-02-13 09:24:48","1","::1","0"),
("174","Disconnection","1","User disconnected","2018-02-13 09:25:11","1","::1","0"),
("175","Connection","1","User connected","2018-02-13 09:25:46","1","::1","0"),
("176","Disconnection","1","User disconnected","2018-02-13 09:27:45","1","::1","0"),
("177","Connection","1","User connected","2018-02-13 10:46:44","1","::1","0"),
("178","Disconnection","1","User disconnected","2018-02-13 10:52:22","1","::1","0"),
("179","Connection","1","User connected","2018-02-13 11:17:51","1","::1","0"),
("180","Disconnection","1","User disconnected","2018-02-13 11:18:24","1","::1","0"),
("181","Connection","1","User connected","2018-02-13 11:18:29","1","::1","0"),
("182","Disconnection","1","User disconnected","2018-02-13 11:18:47","1","::1","0"),
("183","Connection","1","User connected","2018-02-13 11:19:43","1","::1","0"),
("184","Disconnection","1","User disconnected","2018-02-13 11:20:37","1","::1","0"),
("185","Connection","1","User connected","2018-02-13 11:26:24","1","::1","0"),
("186","Disconnection","1","User disconnected","2018-02-13 11:26:51","1","::1","0"),
("187","Connection","14","User connected","2018-02-13 11:27:03","1","::1","0"),
("188","Disconnection","14","User disconnected","2018-02-13 11:44:30","1","::1","0"),
("189","Connection","1","User connected","2018-02-13 11:46:18","1","::1","0"),
("190","Disconnection","1","User disconnected","2018-02-13 11:46:54","1","::1","0"),
("191","Connection","1","User connected","2018-02-13 19:35:00","1","::1","0"),
("192","Disconnection","1","User disconnected","2018-02-13 19:56:19","1","::1","0"),
("193","Connection","1","User connected","2018-02-13 19:56:27","1","::1","0"),
("194","Disconnection","1","User disconnected","2018-02-13 20:15:22","1","::1","1"),
("195","Connection","1","User connected","2018-02-13 20:15:31","1","::1","1"),
("196","Disconnection","1","User disconnected","2018-02-13 21:42:42","1","::1","1"),
("197","Connection","1","User connected","2018-02-13 21:43:00","1","::1","1"),
("198","Disconnection","1","User disconnected","2018-02-13 21:43:07","1","::1","1"),
("199","Connection","1","User connected","2018-02-13 21:48:02","1","::1","1"),
("200","Connection","1","User connected","2018-02-19 16:10:51","1","::1","1"),
("201","Connection","1","User connected","2018-02-20 16:09:36","1","::1","1"),
("202","Connection","1","User connected","2018-02-21 17:02:37","1","::1","1"),
("203","Disconnection","1","User disconnected","2018-02-21 17:08:37","1","::1","1"),
("204","Connection","1","User connected","2018-02-21 17:08:59","1","::1","1"),
("205","Connection","1","User connected","2018-02-23 16:39:38","1","127.0.0.1","1"),
("206","Connection","1","User connected","2018-02-28 09:32:41","1","::1","1"),
("207","Connection","6","User connected","2018-03-02 13:34:36","1","::1","1"),
("208","Connection","6","User connected","2018-03-02 13:34:47","1","::1","1"),
("209","Connection","1","User connected","2018-03-02 13:35:21","1","::1","1"),
("210","Connection","1","User connected","2018-03-02 13:35:26","1","::1","1"),
("211","Connection","1","User connected","2018-03-02 13:36:31","1","::1","1"),
("212","Connection","1","User connected","2018-03-02 13:36:34","1","::1","1"),
("213","Connection","1","User connected","2018-03-02 13:36:35","1","::1","1"),
("214","Connection","1","User connected","2018-03-02 13:36:37","1","::1","1"),
("215","Connection","1","User connected","2018-03-02 13:36:37","1","::1","1"),
("216","Connection","1","User connected","2018-03-02 13:36:48","1","::1","1"),
("217","Connection","1","User connected","2018-03-02 13:37:06","1","::1","1"),
("218","Connection","1","User connected","2018-03-02 13:39:26","1","::1","1"),
("219","Connection","1","User connected","2018-03-02 13:39:38","1","::1","1"),
("220","Connection","1","User connected","2018-03-02 13:39:42","1","::1","1"),
("221","Connection","1","User connected","2018-03-02 13:39:57","1","::1","1"),
("222","Connection","1","User connected","2018-03-02 13:41:54","1","::1","1"),
("223","Connection","1","User connected","2018-03-02 13:43:08","1","::1","1"),
("224","Connection","1","User connected","2018-03-02 13:43:58","1","::1","1"),
("225","Connection","6","User connected","2018-03-02 13:45:25","1","::1","1"),
("226","Connection","6","User connected","2018-03-02 13:45:37","1","::1","1"),
("227","Connection","6","User connected","2018-03-02 13:45:38","1","::1","1"),
("228","Connection","6","User connected","2018-03-02 13:45:39","1","::1","1"),
("229","Connection","6","User connected","2018-03-02 13:45:40","1","::1","1"),
("230","Connection","6","User connected","2018-03-02 13:45:41","1","::1","1"),
("231","Connection","6","User connected","2018-03-02 13:45:42","1","::1","1"),
("232","Connection","6","User connected","2018-03-02 13:45:43","1","::1","1"),
("233","Connection","6","User connected","2018-03-02 13:45:54","1","::1","1"),
("234","Disconnection","6","User disconnected","2018-03-02 13:46:10","1","::1","1"),
("235","Connection","1","User connected","2018-03-02 15:57:19","1","::1","1"),
("236","Connection","1","User connected","2018-06-25 20:26:38","1","::1","1"),
("237","Disconnection","1","User disconnected","2018-06-25 20:48:25","1","::1","1"),
("238","Connection","1","User connected","2018-06-25 20:56:36","1","::1","1"),
("239","Connection","1","User connected","2018-06-28 19:39:33","1","::1","1"),
("240","Disconnection","1","User disconnected","2018-06-28 20:50:40","1","::1","1"),
("241","Connection","2","User connected","2018-06-28 20:50:47","1","::1","1"),
("242","Disconnection","2","User disconnected","2018-06-28 21:09:55","1","::1","1"),
("243","Connection","2","User connected","2018-06-28 21:10:02","1","::1","1"),
("244","Connection","1","User connected","2018-06-29 07:05:31","1","::1","1"),
("245","Disconnection","1","User disconnected","2018-06-29 07:10:14","1","::1","1"),
("246","Connection","2","User connected","2018-06-29 07:10:20","1","::1","1"),
("247","Connection","1","User connected","2018-07-02 18:15:11","1","::1","1"),
("248","Connection","1","User connected","2018-07-02 18:15:12","1","::1","1"),
("249","Disconnection","1","User disconnected","2018-07-02 18:37:38","1","::1","1"),
("250","Connection","2","User connected","2018-07-02 18:37:48","1","::1","1"),
("251","Disconnection","2","User disconnected","2018-07-02 20:24:46","1","::1","1"),
("252","Connection","1","User connected","2018-07-02 20:24:50","1","::1","1"),
("253","Disconnection","1","User disconnected","2018-07-02 21:16:31","1","::1","1"),
("254","Connection","2","User connected","2018-07-02 21:16:40","1","::1","1"),
("255","Disconnection","2","User disconnected","2018-07-02 21:18:31","1","::1","1"),
("256","Connection","1","User connected","2018-07-02 21:18:34","1","::1","1"),
("257","Connection","1","User connected","2018-07-02 21:18:35","1","::1","1"),
("258","Connection","1","User connected","2018-07-03 07:32:07","1","::1","1"),
("259","Disconnection","1","User disconnected","2018-07-03 08:27:15","1","::1","1"),
("260","Connection","1","User connected","2018-09-25 06:47:03","1","::1","1"),
("261","Connection","1","User connected","2018-09-26 06:42:20","1","::1","1"),
("262","Disconnection","1","User disconnected","2018-09-26 07:42:34","1","::1","1"),
("263","Connection","1","User connected","2018-09-26 07:42:59","1","::1","1"),
("264","Disconnection","1","User disconnected","2018-09-26 07:43:40","1","::1","1"),
("265","Connection","2","User connected","2018-09-26 07:43:52","1","::1","1"),
("266","Disconnection","2","User disconnected","2018-09-26 07:51:06","1","::1","1"),
("267","Connection","1","User connected","2018-09-26 07:51:11","1","::1","1"),
("268","Disconnection","1","User disconnected","2018-09-26 07:52:42","1","::1","1"),
("269","Connection","2","User connected","2018-09-26 07:52:53","1","::1","1"),
("270","Disconnection","2","User disconnected","2018-09-26 08:01:15","1","::1","1"),
("271","Connection","1","User connected","2018-09-26 08:01:19","1","::1","1"),
("272","Connection","1","User connected","2018-09-27 22:18:06","1","::1","1"),
("273","Disconnection","1","User disconnected","2018-09-27 22:57:28","1","::1","1"),
("274","Connection","17","User connected","2018-09-27 22:57:40","1","::1","1"),
("275","Disconnection","17","User disconnected","2018-09-27 22:57:44","1","::1","1"),
("276","Connection","17","User connected","2018-09-27 22:57:59","1","::1","1"),
("277","Disconnection","17","User disconnected","2018-09-27 23:06:29","1","::1","1"),
("278","Connection","17","User connected","2018-09-27 23:06:39","1","::1","1"),
("279","Connection","1","User connected","2018-09-29 15:08:22","1","::1","1"),
("280","Disconnection","1","User disconnected","2018-09-29 15:35:31","1","::1","1"),
("281","Connection","17","User connected","2018-09-29 15:35:46","1","::1","1"),
("282","Connection","1","User connected","2018-09-29 18:18:52","1","::1","1"),
("283","Disconnection","1","User disconnected","2018-09-29 18:18:58","1","::1","1"),
("284","Connection","17","User connected","2018-09-29 18:19:07","1","::1","1"),
("285","Disconnection","17","User disconnected","2018-09-29 18:29:32","1","::1","1"),
("286","Connection","1","User connected","2018-09-29 18:29:54","1","::1","1"),
("287","Disconnection","1","User disconnected","2018-09-29 18:30:43","1","::1","1"),
("288","Connection","3","User connected","2018-09-29 18:30:54","1","::1","1"),
("289","Disconnection","3","User disconnected","2018-09-29 18:32:40","1","::1","1"),
("290","Connection","2","User connected","2018-09-29 18:32:54","1","::1","1"),
("291","Connection","2","User connected","2018-09-30 11:33:42","1","::1","1"),
("292","Disconnection","2","User disconnected","2018-09-30 11:34:19","1","::1","1"),
("293","Connection","3","User connected","2018-09-30 11:34:27","1","::1","1"),
("294","Disconnection","3","User disconnected","2018-09-30 11:37:53","1","::1","1"),
("295","Connection","17","User connected","2018-09-30 11:38:32","1","::1","1"),
("296","Disconnection","17","User disconnected","2018-09-30 11:48:09","1","::1","1"),
("297","Connection","3","User connected","2018-09-30 11:48:21","1","::1","1"),
("298","Disconnection","3","User disconnected","2018-09-30 11:49:01","1","::1","1"),
("299","Connection","2","User connected","2018-09-30 11:49:11","1","::1","1"),
("300","Disconnection","2","User disconnected","2018-09-30 11:53:48","1","::1","1"),
("301","Connection","3","User connected","2018-09-30 11:53:59","1","::1","1"),
("302","Disconnection","3","User disconnected","2018-09-30 11:59:29","1","::1","1"),
("303","Connection","17","User connected","2018-09-30 12:02:47","1","::1","1"),
("304","Disconnection","17","User disconnected","2018-09-30 12:44:09","1","::1","1"),
("305","Connection","1","User connected","2018-09-30 12:44:14","1","::1","1"),
("306","Disconnection","1","User disconnected","2018-09-30 13:19:42","1","::1","1"),
("307","Connection","17","User connected","2018-09-30 13:20:03","1","::1","1"),
("308","Disconnection","17","User disconnected","2018-09-30 13:23:02","1","::1","1"),
("309","Connection","16","User connected","2018-09-30 13:23:14","1","::1","1"),
("310","Disconnection","16","User disconnected","2018-09-30 13:29:47","1","::1","1"),
("311","Connection","1","User connected","2018-09-30 13:29:51","1","::1","1"),
("312","Disconnection","1","User disconnected","2018-09-30 13:30:51","1","::1","1"),
("313","Connection","17","User connected","2018-09-30 13:31:07","1","::1","1"),
("314","Disconnection","17","User disconnected","2018-09-30 17:24:35","1","::1","1"),
("315","Connection","3","User connected","2018-09-30 17:24:43","1","::1","1"),
("316","Disconnection","3","User disconnected","2018-09-30 17:35:50","1","::1","1"),
("317","Connection","1","User connected","2018-09-30 17:35:55","1","::1","1"),
("318","Disconnection","1","User disconnected","2018-09-30 17:49:06","1","::1","1"),
("319","Connection","17","User connected","2018-09-30 17:49:19","1","::1","1"),
("320","Connection","1","User connected","2018-10-01 21:09:30","1","::1","1"),
("321","Disconnection","1","User disconnected","2018-10-01 21:09:52","1","::1","1"),
("322","Connection","17","User connected","2018-10-01 21:10:01","1","::1","1"),
("323","Disconnection","17","User disconnected","2018-10-01 21:30:26","1","::1","1"),
("324","Connection","3","User connected","2018-10-01 21:30:35","1","::1","1"),
("325","Disconnection","3","User disconnected","2018-10-01 21:32:45","1","::1","1"),
("326","Connection","2","User connected","2018-10-01 21:32:58","1","::1","1"),
("327","Disconnection","2","User disconnected","2018-10-01 21:34:36","1","::1","1"),
("328","Connection","17","User connected","2018-10-01 21:34:49","1","::1","1"),
("329","Disconnection","17","User disconnected","2018-10-01 22:00:08","1","::1","1"),
("330","Connection","1","User connected","2018-10-01 22:00:12","1","::1","1"),
("331","Disconnection","1","User disconnected","2018-10-01 22:06:37","1","::1","1"),
("332","Connection","3","User connected","2018-10-01 22:06:55","1","::1","1"),
("333","Disconnection","3","User disconnected","2018-10-01 22:07:29","1","::1","1"),
("334","Connection","17","User connected","2018-10-01 22:07:38","1","::1","1"),
("335","Disconnection","17","User disconnected","2018-10-01 22:08:27","1","::1","1"),
("336","Connection","3","User connected","2018-10-01 22:08:37","1","::1","1"),
("337","Disconnection","3","User disconnected","2018-10-01 22:29:43","1","::1","1"),
("338","Connection","17","User connected","2018-10-01 22:30:29","1","::1","1"),
("339","Disconnection","17","User disconnected","2018-10-02 00:30:26","1","::1","1"),
("340","Connection","1","User connected","2018-10-02 00:30:32","1","::1","1"),
("341","Disconnection","1","User disconnected","2018-10-02 00:30:44","1","::1","1"),
("342","Connection","17","User connected","2018-10-02 00:30:53","1","::1","1"),
("343","Connection","1","User connected","2018-10-08 23:58:40","1","::1","1"),
("344","Disconnection","1","User disconnected","2018-10-09 00:01:36","1","::1","1"),
("345","Connection","2","User connected","2018-10-09 00:01:54","1","::1","1"),
("346","Disconnection","2","User disconnected","2018-10-09 00:02:51","1","::1","1"),
("347","Connection","3","User connected","2018-10-09 00:03:00","1","::1","1"),
("348","Disconnection","3","User disconnected","2018-10-09 00:03:57","1","::1","1"),
("349","Connection","1","User connected","2018-10-09 00:04:04","1","::1","1"),
("350","Disconnection","1","User disconnected","2018-10-09 00:05:26","1","::1","1"),
("351","Connection","17","User connected","2018-10-09 00:05:37","1","::1","1"),
("352","Disconnection","17","User disconnected","2018-10-09 00:28:35","1","::1","1"),
("353","Connection","1","User connected","2018-10-09 00:28:39","1","::1","1"),
("354","Disconnection","1","User disconnected","2018-10-09 00:28:46","1","::1","1"),
("355","Connection","1","User connected","2018-10-09 00:28:50","1","::1","1"),
("356","Disconnection","1","User disconnected","2018-10-09 00:33:01","1","::1","1"),
("357","Connection","3","User connected","2018-10-09 00:33:12","1","::1","1"),
("358","Disconnection","3","User disconnected","2018-10-09 00:34:51","1","::1","1"),
("359","Connection","1","User connected","2018-10-09 00:34:54","1","::1","1"),
("360","Disconnection","1","User disconnected","2018-10-09 00:35:50","1","::1","1"),
("361","Connection","17","User connected","2018-10-09 00:36:04","1","::1","1"),
("362","Connection","1","User connected","2018-10-10 22:59:54","1","::1","1"),
("363","Disconnection","1","User disconnected","2018-10-10 23:02:22","1","::1","1"),
("364","Connection","17","User connected","2018-10-10 23:02:34","1","::1","1"),
("365","Disconnection","17","User disconnected","2018-10-10 23:13:10","1","::1","1"),
("366","Connection","1","User connected","2018-10-10 23:13:19","1","::1","1"),
("367","Disconnection","1","User disconnected","2018-10-10 23:13:39","1","::1","1"),
("368","Connection","17","User connected","2018-10-10 23:13:50","1","::1","1"),
("369","Disconnection","17","User disconnected","2018-10-10 23:17:10","1","::1","1"),
("370","Connection","1","User connected","2018-10-10 23:17:14","1","::1","1"),
("371","Disconnection","1","User disconnected","2018-10-10 23:18:57","1","::1","1"),
("372","Connection","17","User connected","2018-10-10 23:19:15","1","::1","1"),
("373","Disconnection","17","User disconnected","2018-10-10 23:20:59","1","::1","1"),
("374","Connection","1","User connected","2018-10-10 23:21:02","1","::1","1"),
("375","Disconnection","1","User disconnected","2018-10-10 23:21:50","1","::1","1"),
("376","Connection","17","User connected","2018-10-10 23:22:00","1","::1","1"),
("377","Connection","1","User connected","2018-10-11 07:39:00","1","::1","1"),
("378","Connection","1","User connected","2018-10-14 23:35:40","1","::1","1"),
("379","Connection","1","User connected","2018-10-30 00:01:10","1","::1","1");


DROP TABLE IF EXISTS `projects`;

CREATE TABLE `projects` (
  `project_id` int(11) NOT NULL AUTO_INCREMENT,
  `project_label` varchar(100) NOT NULL,
  `project_title` varchar(250) NOT NULL,
  `project_description` varchar(1000) DEFAULT NULL,
  `project_creator` int(11) NOT NULL DEFAULT '1',
  `project_icon` longblob,
  `creation_time` timestamp NOT NULL DEFAULT CURRENT_TIMESTAMP,
  `project_public` int(1) NOT NULL DEFAULT '0',
  `project_active` int(1) NOT NULL DEFAULT '1',
  PRIMARY KEY (`project_id`)
) ENGINE=InnoDB AUTO_INCREMENT=43 DEFAULT CHARSET=latin1;

INSERT INTO `projects` VALUES ("1","mt_all","Model transformation Complete exemple","Model transformation Complete exemple","1","","2017-08-30 20:59:34","0","1"),
("2","mt_class","Model transformation classification","Model transformation classification","1",NULL,"2017-09-06 11:29:19","0","1"),
("14","mt_graph","Model transformation 2 test graph","Model transformation 2 test graph","1",NULL,"2017-09-27 10:17:36","0","0"),
("27","bibtex","Test bibtex","Test bibtex","3",NULL,"2017-10-17 10:47:05","0","2"),
("28","mt","Model transformation","Model transformation","8",NULL,"2017-10-18 11:32:36","0","2"),
("29","brice","1Test Project","1Test Project","1","","2017-10-18 20:19:25","0","2"),
("30","mt_2","Model transformation test schema","Model transformation test schema","1",NULL,"2017-10-19 13:06:40","0","1"),
("31","mt_new","Model transformation new","Model transformation new","1",NULL,"2017-12-03 18:53:26","0","0"),
("32","mt_edouard","Model Transformations for Concrete Problems","Model Transformations for Concrete Problems","1",NULL,"2017-12-03 19:27:13","0","1"),
("33","sms_lechanceux","Lechanceux Template-based Code Generation","Template-based Code Generation","1","","2017-12-04 16:11:16","0","1"),
("34","sms_lechanceux_all","Template-based Code Generation All","Template-based Code Generation All","1",NULL,"2017-12-15 18:40:09","0","1"),
("35","mttbb","Model transformation test dslforge","Model transformation test dslforge","1",NULL,"2018-01-22 13:19:47","0","0"),
("36","mt444","Model transformation","Model transformation","1","","2018-01-22 13:55:10","0","1"),
("37","dslbnnn","Model transformation graphmmmmm","Model transformation graphmmmmm","1",NULL,"2018-01-22 15:59:02","0","0"),
("38","bibtex","Test bibtex","Test bibtex","1",NULL,"2018-02-08 13:45:14","0","1"),
("39","brice123","Brice","Brice","14",NULL,"2018-02-13 02:43:34","0","0"),
("40","tbcg2","Template-based Code Generation 22","Template-based Code Generation 22","1","","2018-09-26 06:55:42","0","1"),
("42","tbcg","Template-Based Code Generation","Template-Based Code Generation","17",NULL,"2018-09-27 23:44:58","0","1");


DROP TABLE IF EXISTS `str_management`;

CREATE TABLE `str_management` (
  `str_id` int(11) NOT NULL AUTO_INCREMENT,
  `str_label` varchar(500) NOT NULL,
  `str_text` varchar(1000) NOT NULL,
  `str_category` varchar(20) NOT NULL DEFAULT 'default',
  `str_lang` varchar(3) NOT NULL DEFAULT 'en',
  `str_active` int(1) NOT NULL DEFAULT '1',
  PRIMARY KEY (`str_id`)
) ENGINE=InnoDB AUTO_INCREMENT=195 DEFAULT CHARSET=latin1;

INSERT INTO `str_management` VALUES ("1","Log in","Log in","default","en","1"),
("2","Username","Username","default","en","1"),
("3","Password","Password","default","en","1"),
("4","Add new project","Add new project","default","en","1"),
("5","Installed projects","Installed projects","default","en","1"),
("6","Welcome","Welcome","default","en","1"),
("7","General","General","default","en","1"),
("8","Home","Home","default","en","1"),
("9","Users","Users","default","en","1"),
("10","Usergroups","Usergroups","default","en","1"),
("11","Logs","Logs","default","en","1"),
("12","String mangement","String mangement","default","en","1"),
("13","Configuration","Configuration","default","en","1"),
("14","Configuration_managment","Configuration_managment","default","en","1"),
("15","Main","Main","default","en","1"),
("16","UP","UP","default","en","1"),
("17","Dashboard","Dashboard","default","en","1"),
("18","Log Out","Log Out","default","en","1"),
("19","No project available!","No project available!","default","en","1"),
("20","ReLiS - Revue Littéraire Systématique","ReLiS - Revue Littéraire Systématique","default","en","1"),
("21","Select","Select","default","en","1"),
("22","Select multi","Select multi","default","en","1"),
("23","Edit","Edit","default","en","1"),
("24","Close","Close","default","en","1"),
("25","Admin configurations","Admin configurations","default","en","1"),
("26","Load from editor","Load from editor","default","en","1"),
("27","Back","Back","default","en","1"),
("28","Choose setup file","Choose setup file","default","en","1"),
("29","Upload configuration file","Upload configuration file","default","en","1"),
("30","Open editor","Open editor","default","en","1"),
("31","ReLiS editor","ReLiS editor","default","en","1"),
("32","Setup file imported","Setup file imported","default","en","1"),
("33","New database created","New database created","default","en","1"),
("34","Update project","Update project","default","en","1"),
("35","Go back to the project","Go back to the project","default","en","1"),
("36","Go to the project","Go to the project","default","en","1"),
("37","View","View","default","en","1"),
("38","Uninstall","Uninstall","default","en","1"),
("39","Delete","Delete","default","en","1"),
("40","Action","Action","default","en","1"),
("41","Add a new user","Add a new user","default","en","1"),
("42","List of users","List of users","default","en","1"),
("43","Add new user","Add new user","default","en","1"),
("44","#","#","default","en","1"),
("45","User active","User active","default","en","1"),
("46","Name","Name","default","en","1"),
("47","Email","Email","default","en","1"),
("48","Usergroup","Usergroup","default","en","1"),
("49","Confirmation","Confirmation","default","en","1"),
("50","Picture","Picture","default","en","1"),
("51","Created by","Created by","default","en","1"),
("52","Projects","Projects","default","en","1"),
("53","This field will  be enabled on update","This field will  be enabled on update","default","en","1"),
("54","User ","User ","default","en","1"),
("55","Edit user ","Edit user ","default","en","1"),
("56","Add a project to the user : ~current_parent_name~","Add a project to the user : ~current_parent_name~","default","en","1"),
("57","Project","Project","default","en","1"),
("58","User role","User role","default","en","1"),
("59","Added by","Added by","default","en","1"),
("60","List usergroups","List usergroups","default","en","1"),
("61","Edit project ","Edit project ","default","en","1"),
("62","Short name","Short name","default","en","1"),
("63","Title","Title","default","en","1"),
("64","Description","Description","default","en","1"),
("65","Icon","Icon","default","en","1"),
("66","List of logs","List of logs","default","en","1"),
("67","Log ","Log ","default","en","1"),
("68","Open edition mode","Open edition mode","default","en","1"),
("69","List ","List ","default","en","1"),
("70","Close edition mode","Close edition mode","default","en","1"),
("71","<a style=\" color:red\" data-toggle=\"modal\" data-target=\"#relisformModal\" data-operation_type=\"2\"  data-modal_link=\"op/edit_element/edit_str_mng/69/modal\"  data-modal_title=\"Edit text \">List  </a>","<a style=\" color:red\" data-toggle=\"modal\" data-target=\"#relisformModal\" data-operation_type=\"2\"  data-modal_link=\"op/edit_element/edit_str_mng/69/modal\"  data-modal_title=\"Edit text \">List  </a>","default","en","0"),
("72","Edit string","Edit string","default","en","1"),
("73","Label","Label","default","en","1"),
("74","Text","Text","default","en","1"),
("75","Language","Language","default","en","1"),
("76","Edit configurations ","Edit configurations ","default","en","1"),
("77","Editor location(url)","Editor location(url)","default","en","1"),
("78","Editor workspace","Editor workspace","default","en","1"),
("79","Debug comment active","Debug comment active","default","en","1"),
("80","Uninstall the project : ","Uninstall the project : ","default","en","1"),
("81","Cancel","Cancel","default","en","1"),
("82","Continue to uninstall","Continue to uninstall","default","en","1"),
("83","Continue uninstall","Continue uninstall","default","en","1"),
("84","Error : Page \"project\" not found! IN OLD","Error : Page \"project\" not found! IN OLD","default","en","1"),
("85","c","c","default","en","1"),
("86","Clear logs","Clear logs","default","en","1"),
("87","No records found","No records found","default","en","1"),
("88","Continue to clear","Continue to clear","default","en","1"),
("89","Logs cleaned","Logs cleaned","default","en","1"),
("90","Success","Success","default","en","1"),
("91","Debug comment","Debug comment","default","en","1"),
("92","Add new comment","Add new comment","default","en","1"),
("93","Status","Status","default","en","1"),
("94","Page code","Page code","default","en","1"),
("95","Page Url","Page Url","default","en","1"),
("96","Comment","Comment","default","en","1"),
("97","Attach image","Attach image","default","en","1"),
("98","List comments","List comments","default","en","1"),
("99","Error","Error","default","en","1"),
("100","Operation done: changes will be affected at next login ","Operation done: changes will be affected at next login ","default","en","1"),
("101","Display","Display","default","en","1"),
("102","Administration","Administration","default","en","1"),
("103","Label mangement","Label mangement","default","en","1"),
("104","Search for...","Search for...","default","en","1"),
("105","Edit element","Edit element","default","en","1"),
("106","Delete the user","Delete the user","default","en","1"),
("107","User Groups","User Groups","default","en","1"),
("108","Users project","Users project","default","en","1"),
("109","Project identifier","Project identifier","default","en","1"),
("110","Edit project for user","Edit project for user","default","en","1"),
("111","Success: changes will be affected at next login ","Success: changes will be affected at next login ","default","en","1"),
("112","Remove picture","Remove picture","default","en","1"),
("113","Role","Role","default","en","1"),
("114","Edit my account","Edit my account","default","en","1"),
("115","Add a user to current project","Add a user to current project","default","en","1"),
("116","Profile","Profile","default","en","1"),
("117","Project Model transformation uninstalled !","Project Model transformation uninstalled !","default","en","1"),
("118","Back to the list of projects","Back to the list of projects","default","en","1"),
("119","Project Model transformation 2 test uninstalled !","Project Model transformation 2 test uninstalled !","default","en","1"),
("120","Admin settings","Admin settings","default","en","1"),
("121","Settings","Settings","default","en","1"),
("122","Project Test bibtex uninstalled !","Project Test bibtex uninstalled !","default","en","1"),
("123","Create","Create","default","en","1"),
("124","Validate password","Validate password","default","en","1"),
("125","Validation code","Validation code","default","en","1"),
("126","Send","Send","default","en","1"),
("127","Edit settings ","Edit settings ","default","en","1"),
("128"," Action not available!  users"," Action not available!  users","default","en","1"),
("129","Project Model transformation 2 test graph uninstalled !","Project Model transformation 2 test graph uninstalled !","default","en","1"),
("130"," Action not available!  list_classification"," Action not available!  list_classification","default","en","1"),
("131","Project Model transformation new uninstalled !","Project Model transformation new uninstalled !","default","en","1"),
("132","Project Model transformation test dslforge uninstalled !","Project Model transformation test dslforge uninstalled !","default","en","1"),
("133","Project Model transformation graphmmmmm uninstalled !","Project Model transformation graphmmmmm uninstalled !","default","en","1"),
("134","Query Database","Query Database","default","en","1"),
("135","Switch to multi query!","Switch to multi query!","default","en","1"),
("136","Query database - single SQL query","Query database - single SQL query","default","en","1"),
("137","Return table","Return table","default","en","1"),
("138","Write your sql query here","Write your sql query here","default","en","1"),
("139","Submit","Submit","default","en","1"),
("140","Run SQL query","Run SQL query","default","en","1"),
("141","Info","Info","default","en","1"),
("142","Home page sessings","Home page sessings","default","en","1"),
("143","Add","Add","default","en","1"),
("144","List  of Home page information","List  of Home page information","default","en","1"),
("145","Home page settings","Home page settings","default","en","1"),
("146","Add a Home page information","Add a Home page information","default","en","1"),
("147","Content","Content","default","en","1"),
("148","Links","Links","default","en","1"),
("149","Type","Type","default","en","1"),
("150","Order","Order","default","en","1"),
("151"," Action not available!  edit_info"," Action not available!  edit_info","default","en","1"),
("152","Edit Home page information","Edit Home page information","default","en","1"),
("153"," Action not available!  detail_info"," Action not available!  detail_info","default","en","1"),
("154","Home page information","Home page information","default","en","1"),
("155","What can you do in ReLiS?","What can you do in ReLiS?","default","en","1"),
("156","Reference","Reference","default","en","1"),
("157","Learn more about the tool inthe papers:","Learn more about the tool inthe papers:","default","en","1"),
("158","Learn more about the tool in the papers:","Learn more about the tool in the papers:","default","en","1"),
("159","Learn more about the tool in:","Learn more about the tool in:","default","en","1"),
("160","Add new project","Add new project","default","fr","1"),
("161","Installed projects","Installed projects","default","fr","1"),
("162","General","General","default","fr","1"),
("163","Projects","Projects","default","fr","1"),
("164","Users","Users","default","fr","1"),
("165","Query Database","Query Database","default","fr","1"),
("166","Administration","Administration","default","fr","1"),
("167","Logs","Logs","default","fr","1"),
("168","Label Mangement","Label Mangement","default","fr","1"),
("169","Settings","Settings","default","fr","1"),
("170","Home page settings","Home page settings","default","fr","1"),
("171","Configuration_managment","Configuration_managment","default","fr","1"),
("172","Main","Main","default","fr","1"),
("173","UP","UP","default","fr","1"),
("174","Dashboard","Dashboard","default","fr","1"),
("175","Log Out","Log Out","default","fr","1"),
("176","Profile","Profile","default","fr","1"),
("177","Go to the project","Go to the project","default","fr","1"),
("178","View","View","default","fr","1"),
("179","Edit","Edit","default","fr","1"),
("180","Uninstall","Uninstall","default","fr","1"),
("181","Select","Select","default","fr","1"),
("182","Select multi","Select multi","default","fr","1"),
("183","Project already installed","Project already installed","default","en","1"),
("184","New project","New project","default","en","1"),
("185","Project Brice uninstalled !","Project Brice uninstalled !","default","en","1"),
("186","Settings2","Settings2","default","en","1"),
("187","Manage editor server","Manage editor server","default","en","1"),
("188","Editor server","Editor server","default","en","1"),
("189","Back to editor","Back to editor","default","en","1"),
("190","Add BibTeX","Add BibTeX","default","en","1"),
("191","Paste your bibtex here","Paste your bibtex here","default","en","1"),
("192","No records","No records","default","en","1"),
("193","List of ","List of ","default","en","1"),
("194","Project Technical Based Code Generation uninstalled !","Project Technical Based Code Generation uninstalled !","default","en","1");


DROP TABLE IF EXISTS `user_creation`;

CREATE TABLE `user_creation` (
  `user_creation_id` int(11) NOT NULL AUTO_INCREMENT,
  `creation_user_id` int(11) NOT NULL,
  `confirmation_code` varchar(50) NOT NULL,
  `confirmation_expiration` int(10) NOT NULL,
  `confirmation_try` int(10) NOT NULL,
  `user_creation_active` int(1) NOT NULL DEFAULT '1',
  PRIMARY KEY (`user_creation_id`)
) ENGINE=InnoDB AUTO_INCREMENT=10 DEFAULT CHARSET=latin1;

INSERT INTO `user_creation` VALUES ("5","8","pJsU130fOC1a","1508427068","0","0"),
("6","10","LuZrOYpvlUii","1518558448","0","0"),
("7","12","JKK2MrmsRueK","1518560814","1","0"),
("8","13","aDTAKfh9RIr6","1518588401","0","1"),
("9","14","I7lzD6NI5DD4","1518588606","0","0");


DROP TABLE IF EXISTS `usergroup`;

CREATE TABLE `usergroup` (
  `usergroup_id` int(11) NOT NULL AUTO_INCREMENT,
  `usergroup_name` varchar(100) NOT NULL,
  `usergroup_description` varchar(100) DEFAULT NULL,
  `usergroup_active` int(1) NOT NULL DEFAULT '1',
  PRIMARY KEY (`usergroup_id`)
) ENGINE=InnoDB AUTO_INCREMENT=4 DEFAULT CHARSET=utf8;

INSERT INTO `usergroup` VALUES ("1","Super Admin","Super Admin","1"),
("2","Project Admin","Project Admin","1"),
("3","Reviewer","Reviewer","1");


DROP TABLE IF EXISTS `userproject`;

CREATE TABLE `userproject` (
  `userproject_id` int(11) NOT NULL AUTO_INCREMENT,
  `user_id` int(11) NOT NULL,
  `project_id` int(11) NOT NULL,
  `user_role` enum('Reviewer','Validator','Project admin','Guest') NOT NULL DEFAULT 'Reviewer',
  `added_by` int(11) NOT NULL DEFAULT '1',
  `add_time` timestamp NOT NULL DEFAULT CURRENT_TIMESTAMP,
  `userproject_active` int(1) NOT NULL DEFAULT '1',
  PRIMARY KEY (`userproject_id`)
) ENGINE=InnoDB AUTO_INCREMENT=33 DEFAULT CHARSET=latin1;

INSERT INTO `userproject` VALUES ("1","2","2","Project admin","2","2017-09-06 15:07:11","1"),
("2","2","1","Project admin","1","2017-09-12 17:00:17","1"),
("3","3","1","Reviewer","1","2017-09-19 16:25:45","0"),
("4","3","1","Validator","1","2017-09-19 17:44:46","0"),
("5","3","1","Validator","1","2017-09-19 17:45:09","1"),
("6","3","2","Reviewer","1","2017-09-19 17:51:59","0"),
("7","1","24","Project admin","1","2017-10-17 10:43:14","0"),
("8","1","25","Project admin","1","2017-10-17 10:43:54","0"),
("9","3","27","Project admin","3","2017-10-17 10:47:05","1"),
("10","8","28","Project admin","8","2017-10-18 11:32:36","1"),
("11","2","29","Project admin","1","2017-10-18 20:29:10","1"),
("12","3","29","Reviewer","1","2017-10-18 20:29:17","1"),
("13","9","29","Guest","1","2017-10-19 12:47:32","1"),
("14","6","2","Reviewer","1","2017-12-22 19:55:46","1"),
("15","2","36","Reviewer","1","2018-02-13 01:53:26","0"),
("16","3","36","Reviewer","1","2018-02-13 01:53:40","0"),
("17","1","36","Project admin","1","2018-02-13 01:54:47","0"),
("18","14","36","Reviewer","1","2018-02-13 02:00:10","1"),
("19","3","36","Validator","1","2018-02-13 02:00:37","1"),
("20","14","39","Project admin","14","2018-02-13 02:43:34","0"),
("21","1","2","Reviewer","1","2018-06-25 20:27:53","0"),
("22","1","2","Project admin","1","2018-06-25 20:38:08","1"),
("23","2","38","Project admin","1","2018-06-28 20:47:57","1"),
("24","2","40","Reviewer","1","2018-09-26 07:33:11","0"),
("25","2","40","Reviewer","1","2018-09-26 07:34:35","1"),
("26","3","40","Reviewer","1","2018-09-26 07:34:43","1"),
("27","14","40","Validator","1","2018-09-26 07:34:55","1"),
("28","17","41","Project admin","17","2018-09-27 23:37:29","0"),
("29","17","42","Project admin","17","2018-09-27 23:44:58","1"),
("30","2","42","Reviewer","17","2018-09-27 23:47:41","1"),
("31","3","42","Reviewer","17","2018-09-27 23:47:51","1"),
("32","16","42","Validator","17","2018-09-27 23:48:02","1");


DROP TABLE IF EXISTS `users`;

CREATE TABLE `users` (
  `user_id` int(11) NOT NULL AUTO_INCREMENT,
  `user_name` varchar(50) NOT NULL,
  `user_username` varchar(20) NOT NULL,
  `user_mail` varchar(100) DEFAULT NULL,
  `user_usergroup` int(11) NOT NULL,
  `user_password` varchar(35) DEFAULT NULL,
  `user_picture` longblob,
  `created_by` int(11) NOT NULL DEFAULT '1',
  `creation_time` timestamp NOT NULL DEFAULT CURRENT_TIMESTAMP,
  `user_state` int(2) NOT NULL DEFAULT '0',
  `user_active` int(1) NOT NULL DEFAULT '1',
  PRIMARY KEY (`user_id`),
  UNIQUE KEY `user_username` (`user_username`)
) ENGINE=InnoDB AUTO_INCREMENT=18 DEFAULT CHARSET=utf8;

INSERT INTO `users` VALUES ("1","Admin","admin","bbigendako@yahoo.com","1","0192023a7bbd73250516f069df18b500","PNG\r\n\n\0\0\0\rIHDR\0\0\0\0\0,\0\0\0>Ņ\0\0 \0IDATxwW}>s}VJZUKd˖dBq\r\t\tBB\'<`Z~ `\f!\"7lYq⢶jms~̝3sݦ{wUg_wi3~η&l\0+%`!К\0crt\0@\'\v\f`+aٮ@S$6`rKa|\08I@0WY\n,vo.Be.o\fxa6\0WPA.t\0I@1\nt/_6e|\n*8ozw~\v|WPYfAtp-T}>\r\r\rTUUǉA~?`T*E*\"N344\0CCCtuuJf~\t|xƯ\fDgjt\'\nFioogժU^F\"Hp8L @4pl6K&attFGG9y$c߾}3:::\r_az0D\"ٲe\v˖-cѢEV\"NsQ^z%î]j6cKϔL.B;ORbyfvICCHdF*J\'෿-)d)鏗L6u.+WRUU5+066K/c=}G2l\fǘRYD쳃{袋x[ʒ%K|VB0\fǏs7٤?9PY@3#$fnvnZr[H<|СCd$3$k_Q!B9:6m;朗iV+7U_gSx\'RjVA!T>[naD٭4NyHGGd3]ϕrP!̡xs;x;m۶V\v|ߠsIW\nTC.jf͚s\0RJ;׿u><dÜqWAqf{]܊ٗD\"r-_)%a3G,cΜ9߿ɼ@fXT>4q5װ}sQWWGSSw0ɼ.wPL\0\v/k:)y2::믿>wo.Iѫ`jg8Z1t=pW\fd۶m_ȑ#O1ɪ\fHA>\vBm6֮];RwO$^xk䙲\"ˇv*Z֬Ys^Ht-W_}uIn|:Q!{y7h\"Hӳ[gժUu_샯%FA]ry\'-\n&T?NTĨ<Xhx꩐ـ\0(OOT^zEcc#y«hii)_Q\rf{eJlP!{т2,`Nv1\f&{\"N똓g*8MT^z,fuPJ|5&*d/=.\\08_u\v1g!p\vŒU<FZ\\6\\@E\fXL&ϸfCCoD;w?,Mm_T^ZY)v``d2*>N:u:cPF{Zht,8u骱g5<yt=Z!iBҢ\r;Mtuu1wY좯oj\n!ӯ\nK\0ѣףiwv:g!ЀT~Ztav塧gFd2ǧexDCs\t<$I9B,+tEgg\'ʮsmo2<P!{P\0ǏqCG:XRBiB!2r^}U,YB0*\f^ctt6|CC\"{[ѣ̟?Q\'m^TcL8qMhll<\'\t);V5`U92>_P!{0)c\\JIWWBjjj]pڊaI2>P!{0iϛatttL&+gf\ftuu{*rf~BaJjRJz{{d2TUUUD\"X`̝;@ atwww^<HWWfĜ~}!X,FSS\'N x=֭[{^6mDmmtwwc]vL&`xxxZ,D9\r{l䪪*Jv~?߿\'|]v/uh4ʇ?a\tR<\'a|I>򑏰wR\f0{e\n<P!{^ėen&(\"NWW{/KOOO\tUWWwoA%\n+ݻ?ή]JZq083U`»07%Xxܽ{4\fC0ak׮DdǢE~+W9:W-ȫJ|\tGxs\n*`k]]GNcYUU%ᰌD\"uɿT y~{_|L=i.UPLcg?+䤈6lVرC\n!>O.~nAKBu+tWxd_(7YAZJKb7\fCg?D`BI*ZvzM[ףL@Yƛ)Bȯ}k{\"۹[n߾rWq6@=xesss#8)E>yqWRn][^﷔>iUn[@ۗL&ɻﭿu̟?}_g\n*i\\Mi}v988XP5V;::d]]ݴ${GFF?,?-[\v/Pz{<~xQ:}YxrJG2}4*t(*7nܘן|<(;v3hoowY٪S??H2K/eΜ9஻-oy\v<\0L`݅,[͛7OD^,c;Eѽ~a#G{Gu].6lw}|\'d&)jK_`^zηl6+?K.D?_%_buw}b[QCAɮiWꫯ_;%Ko_<Tyҥ)Wnyah_n\r]룷6nhk|\v_\\~D\")qQ٧\nKdw;w).G>²eX|9z׻g>({]Xjoo*mmm.r\raG?bD\"{5\\袋hnn`|;!9ܦzÆ\rS$O\vEnM_\'O\v/u,X\'N/<Y[[K(*TԸ7Y\v+GFFx\'iiiԩSgψRٶ.D4֮];:N!*]oBCA\'\t|>MG}Jv}}}]H$O?}gc*HL`fdccc>|t:]Pp)R{ell,Ϲ(@4WR_\vut(jD-\"r[[?<7عs\'\r\r\r=7\'@6ehhqԪFGG~6iZ8J^T^:U[?v>qnI]vsϱ}vT*E;(0\f%JG`>[!q@6HiB.ӨEԲ?ӟ;v:uttTxUbttޓX[/\rw@$㧁\nK<<y&uկ~|>_LT\tOKmm-RJFFFƕ`-`n@i^\f244\nS%JʹֹJ\fB]﴿ABtR,ǎGթ̏=\v/_{Iࡇʓꖶ`P388ȱcǈD\".fYz{{ȫN\\IbOcǎdb1/_ݻϓî[-Zڳg=DQ?A kă>2ciTF228e8eVi<s]6oMMM\r@T*enKJI:#離\n0T^:X=b۶m9/G`0h͙L&˼NѳQ~Q5˚,\v\v4|@JHf\fF=CiN\ff8z*S~֬YnOMM]d̄p}}}q8要\nKgU\\{~q\tc8_+h/eSB@i>!FV#kh,i\f!e614w?׵fJoOKKM`ҥ^pqJ08pCf8Q!{`yp٬=nٲexF-I6$a\fS\"JY4@$a\fH\f\fG8ïĳi&z\'>¡+WdϞ=~e˖ig:O:;;7o-_KB9lXCFG?6D鏃\fa ;B83LQ?c\f\fFck|WT-;XӾ>2=X+5\f\"%7w8hT~SF兕E%9xk+g>Ç?a*\t޸_\0`9uS߇? F߄׀/\0!|HUYLlrꇡ%1pcpd5}}q=k{PxϖF~rv8.]֭[sK/T-UT>\r`:\t?[Rf^~e^|E\0bAml=[PөI\fxAu5t/W^\tK@!4\"82\r22K69g:Т 1jǩ$̐N\nd`uKKIf$j/q%P.<@Y^r\fs\rUO:tw]Am۶188H{{\t\f68t\'W_xS+B˂L!d\n\f֧L$FN0u0oE4^E7:HD1xH\r\0\"X^K}YC28%{ᦛnBӴιGǏ]YȹOBVXW>َ-0\trxoKP0ÒǩBj`͌_@,PܩEJBAM\rH@Y \':퉓Jd{(맲ԯ[>c5!ۛ__I&6aJs\rd/dRKK\voZm\v\fK42ǉGGzDT|R${0EFA\0\fQ;n*壻S=q\"d2 ab-+_MbᅄnlC9z(;w_껛*N\07s\t`ǎ?#/~cģ#,YtH8\t񥈖 lnG\"()DBqTH ıo#Sf\\ٌF*qƆS:YCCFz\"-+7~hFY?Q\nTlҡ\nsqr>|N6F8dQa#I!50&n!ru-\\\"N?2ӉH-רh | Kv~jIԌf$$G34%<9XY7^(g!*3\rsa%\r},l$̀_tI!^IıVU-ycaSK\ri\tRIcDǨ)04z#ۙ`*V6GԽzo\0SF3l\\CW!7mQ~ـ\fT#a\\U-\"{mv)TMt\0Bf`id*HK=]7mf\rB0}-1kPA>*d/-]0\'8ڨΜ9=,\\ЅO7LFfȚs-d8RET%;L\"_gtݰxIi5Q/:\'[ټ8s<rp`Wr:hB)Ba݂ j.\rq>Z[O\rTB7qr̕Eb9^5P\\+gHxUj=\"I\n*\'0S[<F3mCCO\"1̢ŝYMR#HuOWSs\rC1z\twd0@oytj !ȦM@yTx\v혶{Yֽ:Q!{iQPaY\t,^z@HF\v%^;]Mc7.kK\rKtYC@I}\'btZЩ0!\tpu+`CcY^862w7U,ĜZ6\\C쥃Fmk.ASK/X,!4|as9nRTzc71/G!\0RH@d\r`o#{ @gmnHpC\'G(\fTX\r-g!*d/\n))Ghl3UbBc\'ZSU{^ǚ0 ݍPU[SaXiBsQ?p<g\v ՐR7a4]v_s:D.D&DWBN/[6 =@ }ƒM4N\"1Lo1l\nzjIt\fvp<P&s3@z*Q!{PP%048=yY\"eM!\0RFk\fJ!I.is)7Փ?n;\0\rCa]`|l*k1*<%Baʕt@CAw9z*Eu$L_o>㬀dW Dִr-Ό 3sq*ki~KL\\Z#Jz\tjZtȫ\r;!pSW>\tT^:7|ϑ!V<V@_hb`(Cf_sց\"5\v!\fw\\^r\fJss2ױoXǼDy\rE^z%߱!?]2ׇ\'x]%A\0sfA޴!\fr6S.뢮i\02tT|\n\nMx|1t%\t\'Ƙƶ>]^ԡhYCpzң:v؉)Tg+*JRa`,˼ 4\f#;\'1e.<\vK͹⥓:\'^nH kgT7s\vz*\v8T6.¯&џ^:Hի\rAˢn$]Gj8r#kH|,^{@tU\\LzhQޣ\t^fT Z;Js{/m}h>)\'<P\ti!+8bGm 񣧻xUpe(ZXg;*d/ǻy~VUyeq1=LOGTς]$,M>UyU}!01QSaz?Șynƶ>q^]\0٬`Ty-Aj؏B\fĮΟθL|6ƗoĴ╓clR\n2JjO5\fDr3ٯnK@HK;\fC#9g/H(GC5tU5c[5\'nƧK[%PMUm`d#4rɦm\\~D-O?T9y+fT8 &R$W(eK=QB$\vV V;}\r\"v`=!IA\n\f)Fd>~B*\0\0 \0IDAT\tW%I4S:H*ܐ|S51ājz0wyhd7៿?\fe/̄+_:O&\v6 V\0sV!x&/>Ƣ\v;iZK*ODI\'u`t(pP˥\r$P͗7F҄)cD,`+`%guˍ\nb\'_\"!T\rMk\v@tA]׹x9rdF:ARY *d/&E\v! Y]?+{Y01bcHFt2iBȜ^\"4tI ʠ5Mv\t\'_!9\0=\fm\"]H^\0Zq׾ؘ\fS\rs\nT^D6w\0zm|#Oqhw\v훎\fXN#-m/cBNL8l=EH]kVRJ7l瑇k)%|j\v>QpHSF=殢B/I\04Mмp)mWP\"z\"v߸$r)<\n餏Do6,\\H4qvHnHdRj1=(xK]3B5^Kss3HQ_WO0QOy)dDAa\',B$cWB|5Fi@87#,?̂?Cƛ#ajk0\fEa8cpp^zqܭˀ \nske?*d/\r`Oge̛B4Eb ވ/ggNěr<apQ }6+8Wmb/DtZ$U1;Mh 00;o<0CC3ιf)QYT\nIϻ^nX?\fP</ m;O\"T \'9sF<H&}\v\vn,vlRO\t¡ Ha٬k$:bU H$dYzwz\rX\txu\v?Q!C\r\\:wqmڰל!#4g1Evgcޣq|,!ZհB=`#Okq|Zl7z:n9F$)ҙvU7\t8g?\'O̸<:_!{\t\07]=Z\t73ڱAHkA-nrM\nC~4ke5v\\u0C#dn LxYnT\nKz1w7\\p\tZ灪&W`\ft%5Ge\tD3.ռMod#!GzO5rFOj6k>My}63}OiDr*iK^J&K,??sagg3>ތ9\tcR+ذaä\n_ȼD[ג!3<`Ʃ1Ȍ9f=a5c:}AD[Ñ|\ftDI\'c\"TIR*|t\0C\f\vOfٽico6\03]ʠCu*\t\rD^_2,\f|\'>IfG6ޝQ\vF\t5/&2w59K7 P;[bhr\t8!`8xi7\r_>y\nO뀋 k#i]Ge%\r[0tqRcdH#4a(z@|7-C\vF!pR}T3<<B2$4͙\r_WKZfLUqb(le˖q=͐HdfЂQpz8qVD`?q}>-NnnLf>\0iNh4=|9{]by\"F֢=8KS\'ΆOI&d2YgT9gp$4<SaĀΫ+db1U\tg0(z9J]oQ=Mh444<Ь3фh{Û1\v.ŕW^gOBRi}HGuF*<IػeyWuf(T\t>]i1=K/8*-xxn*1Ө}X\t`:¼:d5M2ǫxd*E&ACO@@<\'BV%fO\r!70\t9?˷\v;/d2$)]\0s\0h4ʋ/ó{sPo8y}Ѐ;?c\n7\'Sh1\tb붶ׇݳU+}Լ\t6\nQuv9J}\va0:6TY3oA~?y\n<όb&튔~c3>),\\wӟ-P[ѝ\vǱ\vSyYqyAhBhHirlڴx<:5C.Ad\'Y4`7wu#xWMG\rRʣH1.ɽ\'?iJ13UyȍI0СCu*~\n\'F\f3I}ݺu|_DG>G!W1-\0.L#Ͳk#d2`3wLOk1z}X^錂a꘴vM{)Y|--+SQ愦Gݪ\'FbMp֭|NQSst[ R\tWoR敃ixʑZ7/Ù&5޹7op_Oɑ\0_ё*d/zL}RKDmN pT*V[Ĵ3RW96 tpaW\0v/&tR}g@5ST^̵w2wee\\l@J0$H4I,\nlx)a*Xw\r)s;Z\fNˎg72lΟPc7]pK)T^a=>ibqfykIȂ#)ZεR[Pw4+*NbE8yJ2ٌ\vθyHc]vjPy}py:7Dٴy3d2GVTW x-9\04RUvX=μ\fXf3@s+ٮHpF3\077-J#l`R\"s{RJ[\f cKFC\tR>zx˔Ew2N=\r/i_x|=6f1vg\\Ŧ\n#O5aMm-6lyL&ʣH<p۪.]p;rilKi[Hz]+y5Uۼ(]>/ W_CRig==ùV۩Vvp7\0W(41i*6mys]{%SI\f3KbX*4\'Wϰ>gGuLgu5n<u4ytgF3\fL.\\o>Ƣ߰4fi1DTns6۔5OgӦ̈́!|t:cbKoG<h^ǚ[J;?i:@~;W-T7CJR4RzTxKWLv6mr1Lfg\t1\t?e:;*iRɔMTu]bQ%sK65M~T½|o}P&wJ\ttƜ.Kwh\t[puuufJ*d7gy,YB[15)\fdη%C°y\'%w8}&{|\n\'\f<eJ5Uewqމ3^:QKL(7t\r9++]\"hn}ԍrH2d3㌈9iH)S}wgl=<mmUBZ`lWd:8ɾN[%\naErj~3@*G9,r^^K\rE>\vONfz~Q|[L-$|h+2Uo`9\tsΥuܕ\fXSJ0CDrd{2?\\Q\'7O!s<L5u[S+*^Mgڵ?]e9*[\"h[9JKUTz^JI:PdO\\*J\\)xJ(V\\W5\\Kz1ɚ=?ڷnKy[`NSUUUG\fԝ-d_)O[\r!ٕ,saTydb*d芫W,ftT8\nS/8-]zVps5g<RQ\"d\v.py#lEUX^\n ͧ;!4Gֳ\n\0a9-Jsn6giNc|g+2oOX3\nյ\0-gt?x%ϵW\\~u<W(EL&uw<J]WqG҂;Ԕ+\t0Gםs\'>I˖/7wx{+TtZiY&,uXw`;Z*Hs)\'?;\\a͘\rBO\'\'nKd+LFc%2wR|M3V̹gw|Yp4ۧ;vಭ[ilR~!mUU۪B4S(Z7-t!mJxfZ.Gxgd糕#i\\i(|ʹ-fϞgW4SGYb\"]>Nw@ +}:\v^8\nw$8ʄ;*ͥDaVݞp\r\\a(5V]\r=|V1\fpS^ܶe\nev{FO=$VKLaȉP]]mNssm*aCdskUu&e*0d}l~Vjk԰b*Ogggi8Hs78%{\vlRfHT`B[hj,dO7S?v)IܹAnzO*#ڭiRCa\riD3˕S7q[(gtTxLe~(,[~XjRs&\",ؙq2CRg<w\\\\YGWJvkܹKUJKX)~Oz&b=<pղmu%e8mSG(y[ٍ!hjn[\0٥}.ʴƍo+I&,n&\\rz4kVRV%-p-rYjS[\fp+mRujj@Ϳ\r.wRO4eŊ|bj_+v>%Ųe?N,W$\nKĩ7jx<VZ O[\vxj{ꡨV`uu].VC^K/B[kƒKf/1Xd2̟pctwwĨ\nޙ*p8-wͦMDNaدLmsp*vωj﮺8^C6c+𔣔>8-w)t#]uttd>HSs3*)!8?\0ה#%KY<U!=疔ThG=VTZŎ%j(=i5pꅞQ:9z1Y\'^yչuv=2\v/<]wn^z\'ON`wΠM\"%($\fя~5k~|ҶkA徥Zvo \t{(΀a\'WuIE-S5P=eTS7瞻NunF[n;\\+3ws\t&B?w?Uw0<411C+;`\v,%o4f!i6MwEp8K8GQ[1ΏݫҺ`v:y~<MB `p(D8lpP8H(h\v:y&QĮgNjtguXAp@9\r~(#\"\0~;wr3<<޽/A6dYd!&rV`#`;VUUE9vX8>=lrCE NVj^Bh躎C}&A~?C4ۈ9Z)ƒi,lnEcBsu?w16w{n,jk\"k֬[߼o[vǘK*ɮcN[)>-]ѣGu\\i}u?\tK$\tjNPU* \fu&\tDQhX,J4=\'/l(O<$MU-Bf~a{Iwgl޲M\0ρr2Y\vdߌp۶mAG:TUUO}Iz>\vހ~iPx,J}}\rTUU\t|w7B4FfcS \ni昼m&>Q\rwS)(<ٽ{79q/<[^a߾}T/WAʄ,jvrw;dmws]q\t/5=~`0HU\"N}]-UX|HC.$rP<u٪sp0% @4!E44H-ImQM{$\"1WB0}<أ8`-lN8/<<z@Ympݘ6єﺮя}z_xhp8̟韚J$\n1.0j8>G,Z\"шT$Tg,;eh>\rďE\to=;ʳێ?;fθ\\c޳΅ISzÇi۶u^Ȟ={蜂0E/l&{;m}|voC2,O^-܂?\'}Qp؄t>?UU4TŤ-_H;4@O,g\v!02Fzއp>y\t?BN׎$#k۷o0xgYr%+Wdٲ<?\\{Vfg+#{goebׅ6>˷-Tb|ӟuCnE۶:UuD\"sqs/\tBIuO{S>\vN\t&z*!%?0ƯÇٲe+K,ye~9\rvVp:sLq\'x<Ο/[߼g\\ꫯ;Dh\0T1=]I$4IRRd\\6$җj9QV\0tG8\"T:3Ԟ\v\\luܑB1Ew\0ќFȴwuu>.l+K.TߩqMӀD1\t?58|\nSO\t\\{\\p?.[oռPa=l`HƆL.,]q,WC-P=ճP}u]ƆWx#᷈Y*Vq\n<9ןuǹ/D#}QfVp]4^X]]8t?иqw`JG4;_:ǷU4˛@b\"DOTV].POMM9BѼp3)y^8o.^gݶ7DbzBpO%Nȵ]?|&Fre>67a\nЇ*韾Kj.wM0ryEhlh$5V *\tau;̛6?sҎW(,Tgj:+\\48\r\r!VˁC^-U|8:8^C=ȉ$9sL;\tpe9mdX8D7lkaSOgƍ{͵\n|s浦iT%Ԙ9&)s}I+<Ti)k;\0\0 \0IDATY\nQ⮛TH+VWHF4[N}`NzqYw,݊\\X,)cxfnWpe[YXl\">)!\nя~j;z޼yw?tOD<GJTC1;7py8Vy\t\ng}xZi>jkj߯v\vNi/yeWU.F/\'~\'}?d2E(ov>@,l,q6&;vbJy\'|bW]>cȱ` @Mm5PTs/MTTXqjr=wKfB\vWB7P9xHj|>2-m3_h_shݻ!`Æ\r46tR[G(WcSR}*n[Lh9sp˭뚩*je `0h\t|KQ,<[ \v+:tmeI䣞[oN亟Pw!HO=!\tSSSeA1VJplRv\\tEEp]v![N;\taS=3:S^w\\|<<E|>no<\nTWHG\vזZ\\\\^J.5H~PʼOG!]` `z}>%\n8b]ֺS{{1ЩCy2,~[/\'O+I`}1\rdoǹ[Ə~qAnBOIT%us#1=P%uS5\0/Ԇۥxy\r6yڄR;\v$\t|>k^KE.).m1mm1]۷^Zm2\\V\vl UL_}\\Q}tWxB;Xx|5UUցOyv7/ǣK5M<;W\rDRA-îc~HYex$=];gj#gGaMnS_}avts[ZXhQ{\"iy!\v6&VqL\'{\0Ӷt]CJOqG-]&iY$ڒ^I%n/gwDp!?H\'?iVpNΞ<:)ϧ4@*a!ȫc~x*[R˄jLBm UciX_j=MYx\t4Bhl<ŏpg:/O[b.r:;;yǍ{uےRC5Tٿ3lj<)ػ.Xzm:0+_vVT\fo)t{j{v=T^Oy`&[R\\QU8i_6N<e:;;BqFtl]tq&]\\jjJ}>~;q#7|3fywM=YT[V:-Ҋ\\|5P~V^BJN犟\'P@I#]Q<\ru.`[\'X,%_EA7Φݙf<,~U`\n8|0Ǐȼyʺ}!dguliiI&Go;n;vR_o$zTW[UyasluV]W9N}ߣeu,T_5;/\\W^z߉*ɽU}Xe~bye+r`Bt:ĉDX\fg2ٯeJ/_W^)[nu\tBy\tGww5S*qE.\",\"}_(yQ˓<s4ueO(.w<l2TR뎧\\l8j<+D#\\wf̩cjkhj:jDKV^L%{y:\tJts>Kooox+Vdݺu:¡FJn3l9r%=B[vN5ƪ:/T\'yֵ0Y-CWL~7ֵiAGmGZzSnx#h\\ï07(PTaMd2zqtSFJ(W(N!+_]e!n(XCN4j~Yzn4k;4QKwB<^}U.\v:\\{\v:qӘ(shD\"an`s8iٶNj.tR~儣DwyjqC~B)9sPK&>\v3#:J;r\t);1ݧ~3;5Q5hn:=?~Pfh$ݙ*Fre:/<cc_f-JM~GVoW_JHW2[(q,gU-VzۓWaF~J.ny^grISy^GuJn-E2eq6a=0\"!\f{~Y\t$cߏ\t@e;xxÒ-˒uZw{T[;hS֩SEds̡q~2<KmVbe%*}\'}vvC(`ɒ%+Ycqk(ǎ^.R<#s+\n\\+hooODUx\t~J(W9ogaTo[aJdi=K:Y*[#x-_v\"MY[ =~bh!Pt*(\'-ZtBXk~%H)NpXpůHw:\n8@+Vz};-mITg-X( [39\'Rh-Z[ok5̽+Zossd[M+jYsԡEvYZUu8v*ޜBW&zJ&elh\v /,YxthuV`f)qYSvIm[IsR+%j9\"Z\"J*խxyfp7tYRJrB+ߴbtza?@\f8\r{.ٗ~snޜ.PNFٷ\0O)ZauXD10\'¢i[E#rʏW;2%\r~-_\nىAN=[#r$Ol)E)uf_1FiOtRR\f\f\f{ԦMq[ѠBFMKLDӞ@7vh7?Iٌsx1vxr{eVC˃*lXdVTOthZSk+ݧ2\0G\vҙ͙6l2mcn\nթE\'<Ue8eX$Է%/.\f\fL%(ǹv\"\'eZtdɽ\r,v\v*볖yt>T>N&upOB*\nМV\\i6]F}+vhkbK/6hHyޛ0G\0ț)cNxPfϻiA|dJ9y?W*\n\'͆hCqlgt-t~ >Fkְh\" *3Ps˻EXM>y4棗|??_GGQm\fBpizE\0RP:a/\ntuuY\0It]by<}=ǹ}%\\;s]v23Ip~sc{2o>GXˡ{W C_Lw\t3\n3ЕJ%<s}>+smhR~̮X,{5TC~k֮nt7Em<gGjMZ\n<ys>KϿG>_y|\vivNvfڔ\'{zzykIsG&c\0bHE/C)9gUh3VsqY,ItrI򖼙]_Tôap;etGf2\"v~պnՓĹu/UZVOoذR;51ܶS8)7㊅QR8Qzml3E$P[\v#]\'d#sqѕW\fmc5vNj\v1Pt*nHq<!wҥ-jvT>R`4,Twh2xۯ\0]ݴKf_Ԣm/3NF\'uݦ:Mނӝs@0m2niZ!qhM\\iyÃt-cV.u8qB_DbU6Upߴ91O<1FOqf/s߾*1;NGGSSS^UVewƺ+/IЉ beMDqqIEt1UxB?YԾF{sZŴ\n_G!S~i\0<+a\"O<eO̓J!1_.8q_p!K.A)h6<3\tN>$pHBV$IwF-*w޺m ᇻ`_0m\n,\rA,\t\fh?Lne[m>-PAYeټo+ҮIRܻrF[d\t}}لcc\'vn#~\'2&\'\'sQ,\\cҥ[tim,C3щJSE&Q`br4lg|8*eގv=ޜw{ƕK;2H%}ɧw<#eh#Y/%G.sVRr\vY|9\navqܴ\0Gut\'ojjfhm~kZA$Ţr7䍝\rm\"L^at~GtAkᶋiΗLg\nI7(i$P\f-Q׿v]_<2OKç:I>[G)ETdMɞ(9ӴI(R,K9&/m?<G¼eu~s;R>aG$kfANk \\ʻ˯s}r\'5OG=Itz´/jtvu\rlm<#*qcwBP xyJ\ny7KÎ(,s^~>up8!IV_Ÿ]G$ת*]uki^{ItMRJ\"\'aFӺRE]bqnxV<Ҹ֎Β1>\f\\}&aW+#sE\\#-^eږa|ΑH\v7׽-e)WXF@I iMq^6MGp<\nJ\v/<1CJ$\t<UڵZo|mx[{;]]]iJ8IH!L;\rDk$3~Hg~`C4᥵ykF!xWQIn}Z<-;\\8OեywNsL+7lF#큓M\0w}FQ[VJL-^\rk6H9jj\'[ima3{1~m|;7\nXy!rŘ%:F\v*A[[:jXIKf/ܽxtL\\=Nj\f:fbUC$J\v1/HVk}mmF>=&0p39]4;ϱcv)[.ӟ\f===7]phM7h.K]St\tMcGťA0<ibʝA]!>K\rᏣ/qT[~\n6K\nX|\tl=(hbbm{TONe{^o6-o{T\'>ir$ZCS()6\"\'Old:H<M[>y{Wc͠,3ݤ_8pD}~/>OP`t畯zgfffffd*[qvq)uc88Q\"r\no799IT}寧qn)?^N{P3(_]F8\f.l?^qaDwʾ_WR>l\r΄/v9Y̰Q\f\\ԩvi:۹s\'?=J>\'cӦM~]gO:IϏ?|0###\f\f\f088/=K/4oGzDN>u(Gv>/P2_M{{wz5Z\vC:-RVg)dӭwF!=iׂ#\vO7$#?~ƃ)nVvDxK5d{ifɔd\"p^}fz&[h:;;꫹q쬺㙜hl6ZS*(J,l@YSCd{wswhn\'5E_<Yr;;\'u-t%IB*Qn{SG70#=h)U>0\05$:R\f.^y)iqPE>(b>UW]E[[<Ѓ<C<S:tfIh)JE*K.ssWZFRaY8sݙ?;r3#E:tos-[~_N7\tSN9-(Fw9m{O4\tY%S9eW\ta/]y~:2]v\\Ҽ<>dGX>U)_\'ne4\rկЃ2;{lһKh.x\v7ld{3<3*pӔঀ礚JD[)TP4g\\z@%K_*+Z\r\\3ImKO]By<χ>=ol|<u];R\nw/u2?>W/۷$\tY;իWӓk\"H!z;_;og|lE`\\tE\\s5,cK/=G[N?ۤʅe`2+)#f:_waTJqu_mmmE\vjRhSP(O/O\f-Ih%0bdp:c1ZQ)~dIpHoTVs9-#?!ꫯoeppяrw1R׼5p\r\\xE߿}1>>0O==brr2KW5y\r7[Ζ\'C ۷|YГNaf!u]\\}n7R9Dh&gOs룇qq/J;~,X8{AxHhxsg{.>KE{>m#Uv<!B8Vn~#|\r60:6Ƨn;_\0TU>Oqun䱐F={pw}v{1Ƽ@OO7x#?d(`Ν|3_\vtO;]`<E︨]T57ʲ-,8Bcej.YIO{]L}5$\tO?##\\\"Va`#+Ʋ8J`}kGsďG|y:IGG(@rSF @tYn;Rn߃>ȏ~#o\'\";fI\\~x\r|,Fân.\".r.b6occc4\ryG~FoOW\r6r]?1\t}Ɲ6}֍m8Z1n(Vc7d0o\0\0 \0IDATmmǋ}pO/9]d:_\0??N(y}k2V0L>t\fᴛOJ\tJYLoe|6ߐ\náD\ra9̗ޤy!O{iIA}`\'8\0j\'~*(-@k͟o~=uxG:\\s\rG=~[Y<vm<_Txu/(o~O;7+XPf߶uc\vXz^m46-P,%tk3\n)vSo/n׮]ر\rϧoѢaqIyBl5-OhCɫMe<tk\nmЇA-(0ǮY+lZ\\tи4o<5Sa2o؂gE<9́~Cԋ1&v>0]ԇ^D|Οҿx)}\v<;6}}}tMtttx{ffH^6mڄ֚$I㘧zk\rX|9wѿWNyvu?@K]??ށ0QAӵbs޼샟*q^k;ټt\rb-<4:_^ˣfc\\OjF7֒Hx&osdtsz{{\n\t\vu\"k32ѧījMV_sbG~Oe*\".r[C*.R|A^~e ]7-㬳:{NZG~~\re\'Yz\v!\' )\rկ>HivݳWE_a8s\r7/|mTэ\'ULupaIG)u`J\'oLq]B?{\fXB\0Wr=Ε_Y^`KLCK)ցmт_AdqFѧDm.Kע)8E(v.+=~s=qBw2Rc|j*TI(ܯ](}*hm;N츱m:}G)vt\tǯ^_޹G|s\'l߾O}ST\fJA\\9v@@\"`*m\vrESP\t,F]@{A|X.tnI\\P2q_1O݉\"f!MB$)M1t~>&Gy\t=vEnTBk}TKZOT]g^})_Kcݯu̾m*(Y^4\nPJ(].U\fJT2z܋_[8KIFWqy;`2ЃԓOryo>f1~g9N:+66]GZ#umҦj\"q-\rzu!wr/ǯ|r~;*yQQ#LEP5[=JWt4w?5m1}}}TUfl7==w{1&\'\'mub~/,kՂ^oy``,u\\k۶n,\0`uP>*\vb ۗg!ً5\rC97_,l]W.d?#ӭ{n/rUWQ.q@SVZ$\nJt ه~]\"(Ͳ!޸]mΰairѲ.Qmui\\Kb{&^]1/\f7]6Fd\0QJѕ}/A)uNoovfvv]v`c$8СCyKk\tmBDY\0{4r֍\nꛟ:V_fW_EEݵ,X3)_v-l/+o\0E!Y#\tU#ښ-3em?{q\"CqO~BR_ATL1!>\\})l5\rO?.8.Jg\rɻ-oOgS>ѽX?H[׬KQ>y\'t^^p-t]*\n{c䦧Yhqtk|^祗^Gi*\\&n\nbz-gsy<0p\f\0\rPg-4Ee(_u$x3AE|\thct4v7vO5y~`E[A\n~o.ڒ4@?-T+\fr(`JM٥\vzŠ70Km~W>)~\\tW!_Dz%Sӱt~UƜШ\ns\f_7\nMNNk.~_[{\vVNS%+mhu);W.n؁V߬-ֿe$U>Ǩha\ntB\nd4I2x(ă!h[PGYSݓ?(c{9zI֟%Ɯ\nyyKǐ4*3ª|V(<Z2^jrF],(G\\M|s?R0\t_SPv?CZ/1CjmūS,%gwj3jg1=Ӻ@mjjʞht24/wn\nx;wms45꣥(5S#1PFsJшֽaZ,(\t:/LSHa;NAE\vPcn@mbPnwbiYt#}]w_yNZMt`RoAjdx>܄9([ī/hɃ#OĕiA0S~WϞ`G1;ݬS6)UR!R%i/zc۷ogvݱٵuh&+61~JNᓿ2aJlѵ<TP}7JŴ^\v]\\j0\'b9ጋU\\}np˲Z醇19>>Jߢ>?3Vbm\n|uN^)k8-)NK6P[JP}V__K5!#\t,r@3t^1;?Z(ʸ*tu,m$\ns$\t;H.IfggW,Gg2L*Y/`vzNJNݶucJG௢H,K7lbŨoqT&i1&ZZ7QY\\E|4|\tTEYm=u_0D[n|\"t8n/\f৲m-A-5[ }64-\tRa#<<]uKya)(DPOiPe}k6QY|8cFFFfddСC\f\r\r1::̼Eko A.Y,Zmyy>^wD;mF4(W\"-vjZ3>jXk(ZhhhߏR\v帼aV]6*h3 rhDA՝\\T6~k;lf@I{./-cO3ǼMoc=ta,dgIJ)྄ǖ2tDV_9t>bH\r5d>*}hбqn&k~R~>ܩ85W>\v hvijݳ\fkJBkq\n6)GP~T0M)(+1_G۲Wv#:ZsM`f\fꂶw\vb%fAq.u?WR)xOr?^5VeM_H*{\t`|W~\\9p0tV\"3AN#.M\f~ZoMFW!guuܕ0\vŢsٓ\'u9E/?K@2A7R5N߿VK>.m\n^)jMѵbStdIgh_4Cm,fT(B%v6:LG+.>ĺҹt%l4-[wHރFksYI-iIQPӎ@i`gGn݉*Xx1\f\r\rq]wٴi[az?,5Tgq9[Kgז7ql{:FIr \vC\"/>-.^K31:N\"MZ:DUwwۿy)f̓O@(?qN)|⶿Be(>\\UJz^\rmЯ+Tbil:L{4jB\tug#F*+1rwV5ͨYdM.(2Oz8סfh Rawwvn{9<C|_wo\v/X˅AwZڇоV5#KChC#`=Y\r6`ђ2o D-u@&*&ؕߤ%kI_7pes+y&Z:QWyf/og,T]|oj*hXSdK4A*HYXƽq }3j1R\tEP(i\nR5XIl@8?LwZSho4{*@?\'~VtxqK9+ivv?7u^~eÏc;\vT]:b/61ǮuqXl\"X\vBk\fq؎BB/XOY~l|n,t+Ծg03.Oú.*w!SJhlMq+y[^u+`\'-_>|sbҳ!mj팴tC/tBCzG<X\'ﹼ\tZQE^uA%5\r;w3\'˯#@r\tFBֆQ(Zio3rcL#\'5RM6i&-[ƞ={طo۶\06n+I8=eWbmg-TPPn1S\vikm8덉J7#xÃ%fm;#Mخ.ozywOcERmUtX\'a5o2*fƱC\v:xۛ.k#7/R.JOPVAq3bpFT<0p-赠6YpƄ/]x\nDiGA\fB\r(F:p]9ƾPx2U\n5u/4w\",x9#ͽ|܃+{9vŚ5kؼy3w_:v8묳R\v-M\n0V;t:L}\rč=kjrCyC\rA?7V(V@W/6(.Eܮ\nܲK/:#cyLN㵲BE}ݼw^oa\vWjضHY*qfVQ$}%I:Oj\viݳJԪz-FeeMFhj(\vTik1&w=3P;An\fí\nt=򷐌R9fͥ~\n^3ɃslcѢET*,Y§>)~pwpwO/ooQ.0{\'dkemU>!9hfʵ\"lb}DZmc[\vWԬԟ\tcz\'LVTnK^\nDct.!eTN\v:Srż/``{900\tFF\'d֮^3[M\t.6Z|\'܂MXk\rre/\'ι\0mr#W2\0^/:A,r0IHG#_;?_u\0DU/ml7gh.q?\\@٤hPTkVq߿}?3O|ĳF<ŊiJ\"\0VBM[ă\\;6oނ[9#enU\\?YS)մKF7GHgl2ZU<tioگNF\\\rgI=$P\"t=}_DKASgjKmx>VpqQ>+{%Zn#T嵠d)t-vL-7m?טR*k\'52TYHF3D\vgIwFc݁uV^MZM?a$DQ套^bhh￟={pM,Xat3%%U{{aFv4\"TJӖ\'l\f躼UV!--aBvT\nԚ.P$(e:ᒆ\f4UOCݎ\'+<\vLGc.Y߿偁zĴgW\0EˤD^eh.l*ޯK`͒F5[XEKB>Q:EU&g\\0@.e54O>$LNN211SSSlڴnup뭷r7O׀UV^KR(*ϡu??m0Oג1|C:ߜr~5ǨnBJРH&IϤOXub,L\n8$4ЭWBj~$<f*8z@3{΢زw-\0e(m\'<aJ\04\v$@4>S(^.!*MY&©iThKO8n\'t\t|.9\r=+Y1NWֺHk\v/`?355e333,]ns=$Ix\'Ї>\v/<oatӭ{ߒ~[i[!fwkX3A~嚏<MݨB\nEYhd0ٴ3mP;o==CEO,jۨgtَPYzV=U\'Soj;+\rz\'*V#TZ(sgW-7f\\dpi$Li\fSdZmS8qN۴/at6Miz{{ioo\'c$\t\\p\f\f\f088{شi+W4\r>?̿F4콷M<xJ缴a|>s x\v-%i7&9F~vi-XJ@bO\v{\'\'~8uQ=toCMޕIѷ)p;2ĳ(:/ n5\n=?qN{f҈H{\'XXRՕct\v-vgZ>JytAs\r2V;fYaB޴i!g/T9bbb_ǼmoG)s=?!^zl*&aQB뉁m*\'<\\C)ZlxhA/MT$*Il\r,4G<M+Uxoc״ݨږIL\0wfm3CKɮծYn<D2\t4[+\\fոhjrF{UR{ԏjbipC.崈Y+il,E>faeTsB3L\f`Ƣ?{q`lpBŢ5ԙ/kT3\f\r\r1<|۷׽Nak({\tts\\Ai\tx|dJ|P$͙q?QQ.;*_#V.Wy@GX\'\\A~\v=c\r_[j4|6Wma6c>Zt\'IP[(%ݽgQr_@.DzQ,¥`_CΕ:\r%3psfa!<$3Ժ\rtWmcl&Ӳh6E:;;=7Ws_,Yl;wdjj^z\tj\n&ü03\vW\'(i@KgO\n$Y|\n#/e|$\t?cTثUWB,<AlWM\0\0 \0IDAT^,;\t,5R=j[S2\t.\\6-$jԂw_[<Uu`Fk=7\"kOdA<U܄IÜ&x\"iݚGhƗpB킬el_0ò(me}\0ּˌ{Fh755Egg\'[lX,1z+&1mKQ_gKxVjAW<pI[{ytJN\'/O&)@gХ\'YCҾ?Xek.y6VwHa3ʆiGyD/ΰ҃IYR<Q/([@;kjgþ<!*ҊJඡ$l6Z7rr1ϟ?6\tug(yeHt\0UG_D%㶲ۺgOfXOzKiJ);.5zx`ff;w7Z=\nLQ*ª\0\n7DN޳<I@a]T9)ӌ<s7͉ReP:6*պ:vU+$~Z?\f`=CoZuBvZAu{DEؾ\n`-\f<q:Phǒ\"n-)_=k54γO[H^8u֛\v5z\"C:Q\fm*64+1ˆe5޲83s<1βa{٣>k_\n\neyNWgE{V)6zOˉ_AMV\"\'eY2!_8n~*S͞$NT<%g䴙y\fkA0\n|\\& 暾wjEÇisàt?85|\vWZi1Up]aLyq\f08-\'ȹg?I,1~yu!hѥ\nhsƆE;,b&\'\'휻Yd3VvZR4Mo\n\'G#\\Y[@Fk\rļx^L5!9ZZ2<JD\nZyv\r褉{;X,?&XcӿZ8!4ٯXJXuAzG@[*Å>a\fhL[D0ݐԅm\n͚}&\nfvrE8t\nhN{J\'\"A8]˖\r_}7]nFkА]Q\'Wՙ-[F);◿%af\n\t603xv4Ng6;P!\rlHtΛ\rk;L4EҶfɮyF\r3:tpRDg -\t#fWNOG>Xt\n׶mc{oM9S\rc_CufPYa\n77^ŮG%[f5itO<e<CG<C\tz;\nRikpV߽RF2EQd0650?>\">AZW٫ZiwT.-?<߶mqF$Bc^\v\funn~a=\rt ?Y$ \\&k.OI@u\vlۺ%R\f*H3P3c0v\vjSmzk{b7-H-ut@Vbt\v^ж]^Z\vQ\\eZ-Z=\rSL(ʦߔORӺw!hW-K@Kz2ߐ?ܑx[1w`AА4#1,SuŕxI[3螴\nwƏM;2\nSk@ä5>[&se(^t\r=sZΠ044nL2\n߆w?M\n*3~om){%#<5܋k0`]j\"h\f?a_Vw$Wˍc4GiIl6^^\ftӜ9\veU@PO8.&1[Ӆei+NݶO|\f\f1\\3ͮy_~qe>9\nj?t=S-I]\t^2]TĬ~AJ՘}Ov.J}Ʈ=\fМ)z-{+Р/\'nCC65rȠV8.qAf,iɟlW3\06QI>+˫@Y~3S\\س8駟fdd?XfLy[gu];.]+v$\\a<8et>|σ>}H44ө,62߷J؉%oӶ,m}ڇyt+9C4ޢF*1.=ȚWmLxM)޳>x5F`V0lm!4^o;~ѷ;Nn2qu}EfRڄW9vޔ,, G_Nr̪\r\n~nޕ;o~hff&fIxf[VEw*\"6_{xƱZ.4; 0b8n8LKk(wyI|{Zɿ0UI_q$DK`C9G$_=(%hsdn&;dKg\\ġ]噱huɍ7ʛUFJ\'z1du\tjF\n\rcz`Jjz9&\0A,RDI \no4/~ˋv\\m\tmIMo%S73~#LkM`vvF\"k׮կ2L5\fKyF74\f_ 姲(FzM-(0\f>o{G{Z9mBRMk/%Lvn\nmIYjN\v4\\]h_˫P\'!L}]Vr:JGկ:yfA\n帪\0-hm[7a\t(tFN-9t\0#z1;-WP\nbi37}ugSin$(({Ht8\t\\g@lkƔekѳd5*|%\vp\v,ofeB5V2J33&{I7+>ʋoɬhiZ$~;|<jŝ%Z[\nmp;\vc09>\'ŲNw+sAs7\\dco`BvuV]2+Qn۶n&M02TeTϢ&~L{i[4f{qؼtH߽J7)qb)fك1[Vs͆D*&f/7p[`tK!:.KeJy;_\\yX~P!6͘ozb^PH(N̌H`ְ{k-qilnGb\\\n4UN:C\nsg?ٿ%S^{n<\'[oJ1Ul\vTዒ,D5ve:M6]DtP#<KEmzKCAߖƷഴJ+l{g\rżU}.]}cy(\tv:\v5gW~<wXIwyXܫ\t|L}<ha~LD\v !K 4o||\vghh(kh+Gu(bJPFTLHi\'\t:3;`Y+\\6,(43<L2X\r-Zz6,@<_;W26PR槒{nAݒTB.~\tqj[(\v#M]҄@-j>^PDaHnwE?tvvh\"<L^׿e˖QVmYnާbym+(4I5;JPyLƙOMM|eb\"nZmEiP%и:@):B?> atmPI)VtU\v[hh/;3?\\EspMW\\5ZeYC\v|eZ\fy0L܅n!HRX}˹!5r?Z+\0ֱ:8Ҋoh;F\r0[YPhjPY~C\\ϽYYbk׮Mn5V9iƻ9NgxŽ c%LtӔO)fgg_\n_Wt}EܤTlf}E\nKy2BKNoG7{&#V s2E\0Αf8VH%tFv@K)U+J154Aint+QťhVh-51!:!4n~\' 77nNi1uk\"gC_me9xel_by_!Z45W\rkXM/|vm4Gنem\0tvN;a*vBTN]jS!dBAt@\'uS,I[?HcÂ|l@[4Ǉs*/OZGЊx_oX9U%d\\C񟠧\'}1k[\foraHg.YjbY\fɗ1\n}\0]<FIϰ[wF1hJ7ͷLV0h6^x?W9CO?4}T^kwL;RE.mK`M,jP0{(T船2r*\'\\2KG0\00oJhH||Tq+z`ӮddO&Fϼm[>\\-PKwҘ26/h/7TqP?&^UGte3\r01ZcXw5\vlkxZ\\Z9c~J*?/:8yx{ˋ/8gB¶Ji::ܱa{1zDhRR3j^3\\ay$D6Ano-3&Ai\v5y7Q>ӣet3Bi1VEr[9?ٸ­$6`n#d\f5N\v\'-aD̥\'Z!&!P]5*iD=T\rVg8t9|pqijOh8:XL-pLrarjN` {\t]}rzO)(&Pȫd9H%\nz0PM\tو@;mzUԺfYVӋIu=#<;\0WTOZٛ\vZ*g45=PXxCxa~n~тs}Hy)\r}:<<̗eV.,S+G`?]h\'`lhS~ZsYus%Є1=_ʍmTM4zû;AY-omj,m\vf<〖\veiPCo+y&K紫@!$!vߛ\v;\0[As2K`v8]!3<D?ٟkOE-83s;V0])E$q|\'h騎ƕ\nuU\ntt̸vTUHQPqVju4aB!/i\"KgXi ^AxwqtMTXM<[>_;b5g.O*K٥K##䶲Eyd$qxq]Y* =36әBu6W1%g<bweϮmu<2l_y\\Ga>+\nl+>|or\v7|3GW+kU(jպkÅv4*fRI2R{;tvo}֒6NХ{ώEde9TP9O9B4*Ao*vgW\f\rW1=+=΃VRsy( CM/gBl}?[UVH}d2H㭰+ G+NoBg{3KW{]W?ys}mIķeȈ\n졐LiABFUSicMKjFBv%\f :\f\nbhV_ E%׎̵c;}?{_؏:k\'q{^~3:$)mC_m=i^gK{O<AзkraXP*@nS3u\0o\0(\'Bkxx6^eVV)&a|3(VڞLLFci_nau,\"sd`}I#2Z<Llf%]ε$B9lpי_s!:{X^Rcw\tϲkih[q;xA/P36).xcILEADٽgBXcGrŰdϝYo\tv+c~Ӊ_pz}C<\0{7)xB.סPhE+AA]sbC\'%k &ÆH;lc˒Nc>3KKo5&C\03\và2_̃~~GE>J{?U/T,&cj1j-rk\vZ`-ܐIN5\"8eٵXv!T\nݾ1^nuƦ-K\\t\'܃:˽Q~at~=G>g?Y.\\Yo[\t\\n:qzK%Gπe}r99Y4abOg~YqzN,qLk?K؊Nn:w)C{~ (,ix\0cuVOt^Ʌ#[LÞF҇bkk+Lr5\\m?ࡇvP.1~#{=ִתϟ\'\v_/BrkEo^ZwU푇h\\sÜ+1G7T\0ޠ8k)[*d\';6*p#m\'P\"=r;-M&όND\nI{uժ]47ŤSq+4+l۱@}%v>\v̛[[b/,7M.^7\r{1&\'\'i6){l`D\r؈MNYơ_M0`4%/#6[UҞ=,j|z+rG&Ͳ*\"Lۼg)S0U9%ޖ)ʻ_36W=͐\naw+*qɸ$\'Lf`! YL18mbkP;\\çF~q(?yyycǎo_/mT(ZZK\' 6nfX\",iXK$\f*i[̨#BSCL8a\"{?,T7֕&I7\\6y턛[\vm8<^>9Pӛp`NZ@WEYI{\\_UpfY[\r|Sĉ|`֯Ҿޔ .c=\r!fff8s\fy\') iPG;<p\nzĤ-9ik~BW$Mےd*ne+U\fx:ji)j_erVC=!G\']>h`/pc^6=ihwVV[+ishn\vƜܐUw͹{XdVM?7ZRmCCk\f\rӯ;+<?`2_YfKKKg??)O>$կzM@u<K|Tm2٭fK%\0D|9ReWΪuL1(mpճ,\fDxJDT47ɛ8<M*,Hޤ.ju(͎4x?%2=b{eN\r鼄:+N)]!ġFeQ!1_VجcN2P7{Ν,lKR\0\0IDAT,Tw0\"g#w^<w[VoζmY7F+Wp9~i~UZֺ\fQBD:=\"l&1K\0w6tRX1IW*[cS]kd`@j^dfjV#$\0\vƁ#wś㢲8ؤ2R7JVc-M\0*wmba#m@U-ک7gh!6?\\}\0|LgV8hSF\f\rNj8}4O_:cccl߾[i&v͞={غu+Jb+JE\\ץ^SדONuVVVX\\\\djjs1==\fΝKe+PqeH:!VOkE))1V\fu\\~<[gv3,EOu\ri2_b+sek9Z(yx\f<xdq\n)K$\n~Z\nc4Of{2xY|43Pm;(\0!X\nUԭ %<}E\\m-Ykf&#󬭕w0,g/Y177Fwl.R9nr8-~Im[jD3Ǘ`iw:K6cjvcLGʛsj\nWFX[,ƕXUȱG&_#qGcZ{iHq{34SM;2G?wX~\0E\n \"%+\t:]nKDxگ\n8zS*_TUl\fGo_q%\\Rx\r:@<_UwH9~6ShKp) n%\\͒F4\nTbeGZӃ48\r\"*8%*|Z\n+F$\tdtje0-h-;8tr\nSGbIлkT@q?d3u\"7/1-or$\"08н<x:-Dfz\0uJ5Tubi:n%L4j.˃[.tPA9v\rSt㙐zKb6Tkm;o̍$zZB>{7C5»~7-`idhrؿįWM!\r]vqr\'9֚*m)I/1!3@r6Sy;,5ܔv%nz\\gG\\pנ\0]z\rdW-q{U5U10g#fbdioߎt\n8)U>Qţy{XHKyQRja5 3V(AŜC:~x,XtHdlږ芡\'<Xr6Lz\0mѻiM͸R`m,](-A}ep^T)/\rQ[u5k&$~fZn=,\'\n^\nTM<Kjmw\nL])QC5ffGxU+={R*\rp%TU4 e\vזfY`%\'GT\\fgRƸ>0Ƴv0/BGI\0˯5y (|`Ж\\ö\v\v#zY;\vtVbǉݺN|{`=- #yA\vhjc! ܎b\0C@5gH\vt%q4\fc\\Ym\t8~Q^>NmC(^zqE?^~qS~:&:C`\ft?\v|\n7YﰌuK}{$gq@k91ٻѾdLd,GBM!ߦ񻣅`\t弋p,|o0k=>MEA^2)!a旡54j9Ξt _Sч99M&/FF-wW4U6ձCk+-\n6B\'>\r%VTC*/3P3>Ί\'0\r2Aar3Cۼߌ9Hw*hh8OiyZmB Ͱ\rL^W#\f?UXp6j+()<7G#-GǟSa*w>!pvZW[)zW΍8^ާXnQhQ18\\<\\wv;#>rӍkZ*N5c[L$,?Ϋ_!RC򕶯DשJҁv2yd\t\0=n8YY6I\v\\8V#(<>pdW9ʁ#\0Ʒ\tE\rrgn.W/#>#!\rJMV{$do&|LjNܶ-`jSOV]<ry5`k-E.kp{6`;0\n\fQX64ANoj1$g)Zf\nࠕAC0+szjx\\f_\t9ڛHNNJ٢#Ut:e0zOԦ2&^\"Ao,af)K#7G,u4VV/4l\v »VYYy<0C/;1h_\v\"P~@7FeC+J*h ]\'!\rT<4̟4m?-҃6@mY@#E$uoy-FSO&AQqqෝ?총}Z>47lPPlP18Tcp)%!m)mjZ#<MU(VIr`kf^qĕ~tZ+G\r.ځR_*n`!\t/ PXJt*-!\r3tw$\rf\n3}aZU9\' O<:yl|U֡Ǐ?.B2.w#mq9y>C5F/:i|n_YfHLS/,T}=jܷ@Z%dVz\tہ?{-qz+`֡)t7FgRP*tJeJ$c)h7\fG{ˤvΏi{\t|S7bܫm\fhEC\np\'>D\r|9-s3Uonf:-*\rGWRm\0\v7g;dGg0,Inˮociez^N5\0_$T˄ӏQ6BZi+Km/Y(02~qݥ7kPkhzi\\f\vG@*|St@sip\r]aķHP:J|iJI\f@qXeοޜ}\r=v.ώԋK|ы}\f_Иf-=߳yd}{.(WF84j*ttb̋Ý{<}z3vX uиV{dxgD(x~:FE\r\f\f4ٴy`\\ʞj9~3zOb\'ZzV*t|j>2!Џ:R[<޵zK-y>Ju͍J?g\rz,/9vVWp78p\v~\v`)Rk3Cݻ}}O׊*|5W^#_h5V6phXqSZ\f<;F\v<πoQ_\\jz3OJ7y]UKktyH#0G*9F=3O<:\rׄn[l&?7*({@X{[ޫ3CfVq݀U6mZ:F.gJzS__v,fbMSi\\fgYkSgi!$8-U)f5\0x)Mү kHY͓j)<TS;i?R߉pFÍ>g4qx|NE\';2X3i͛\\?Ŕc+ճT,^\nˋw1T-pإi_8p-Gpe۷9O@A%Z7\tH-䊫(Ogmȋ虜Zr-nnC;OylZbon_,sy?V|KT]ʥcL6p\\ӯް4qh[Hpcao0g=bnNsz^]-qn\\\0jq_n)5Zѓ\0g&?nvǻhyn~en^TlE+Bwvy+)FV~g,?mK*2P;F,ד]nhjm=[[TTX#0zlͯwlz\'Su*ٳ2@\'JuYa2=ۚg~\r@K\\ZSxҳ\tަ\rh;:~yM=Nz:ޓVx~V<ANmȣc<\vw3馜ftdMK{AmwܙÜ>;3=3jvIN\'5)2S/o[ҹ;anzY/Ӛzy;+RYC،gUh5s?NȵG>.¹қDon\nNê+QAa`xp*mi:$`3\n\\](2A++/?+^4qx|\v7T`d\fW@e_z~6Hv+jY]-+C̭z\r\vv&+1QAuSQ*4y\n6蛒$>]z\0\v˃ԛy@EO<t~;~c%\"\tcl]\fCzR-k&vTK<<m{ӛ\0AF\nK\nZ<\t\0q\0\r9GDQT ph=ھ;:^tZjQ}XEFЙGN^Z{4qx`Ap!ߦ:Pcb\t;-\tn2{en k%:2\vE;\"2z&inqPFx]\vd]{FrZ\"\t`x,s<2\'+PoS)5(M6|+ddvǣ(Vfu&H M\vvG$9Y$e7(Ȩ*9j\v&4,hMao4qx?T/>\rlqDGq$@$Cu:7@b-%nS\n?@ytѓo=n6ni]*\'5d6e\0*O\"L&7?J<5\t\v\0\0\0\0IENDB`","1","2017-08-30 20:55:34","1","1"),
("2","Bob","bob","","2","202cb962ac59075b964b07152d234b70","","1","2017-09-05 18:56:04","1","1"),
("3","Eve","eve","","2","202cb962ac59075b964b07152d234b70","","1","2017-09-19 16:14:09","1","1"),
("6","Demo","demo","bbigendako@gmail.com","3","6e0b7076126a29d5dfcbd54835387b7b","","1","2017-10-17 19:39:09","1","5"),
("8","brice","brice","bbigendako@gmail.com","2","202cb962ac59075b964b07152d234b70",NULL,"1","2017-10-18 11:31:08","1","5"),
("9","guest","guest","guest@gmail.com","2","202cb962ac59075b964b07152d234b70","","1","2017-10-19 12:46:48","1","5"),
("14","John Doe","john","bbigendako@gmail.com","1","6e0b7076126a29d5dfcbd54835387b7b","","1","2018-02-13 01:10:06","1","5"),
("15","tes","test","","3","cc03e747a6afbbcbf8be7668acfebee5","","14","2018-02-13 11:27:44","1","5"),
("16","Charlie ","charlie ","","3","202cb962ac59075b964b07152d234b70","","1","2018-09-27 22:20:15","1","1"),
("17","Donna ","donna ","","2","202cb962ac59075b964b07152d234b70","PNG\r\n\n\0\0\0\rIHDR\0\0,\0\0,\0\0\0y}u\0\0 \0IDATxܽnY=>s|x006{4UiB\th*C~Hi%H27ȍ\"\"㴆)HEjBtB)2:%1x|ko﵏DU|g{{<%ϯ7n<;jg_cEm=el2ZZS We뵾Vs鵸GuWNkǾ/ujU-ݾ:xoy* Wz=R1\0\n(~;n\0\r\0\t_yLmM{6_xm؋^zns.-X:/!dXTqd7qo؂}/kj.lپiU_z8[\0\f<\"ulNϯT]*VUyo)Pk-@n*en*Sً<_\0w\0\\ܼtGl|U<Ӳ?6<6v\0.V2K#qm?3\0.~qEc@,oF#Qud87Ǫlgquyގ>SG;\".U<#@cI4RmodH*R7m}bKfyUxXڗo\0^\07\0gO}~xbu\"8$#_яtOgl_|ͅq|aDo\vmqyq\\y\\3fGvb\vgDpo;C;.(Aٽ;AA[\0lb-GBwVlaǑm\0U94xEՇoyӣ\nyg\0)\0W7P\fvl_F!}|W7m_<\0T;\"}\v?7*]\\M@><{kZm̙]/=;wGCϣ\"g`ytyKH\\Ȯ@̽U[`K88b?˰T$I`60\n?>G;DGiOa  ̖7l7`Ʒqabۍ}l_Gm=\n[ziǾ>7>Y[x\"=@vt$pjʩm0jj5@i\r\tFT\fbP<yb@>GNϯO\0~A/\t\'>ɜ1 w{\\UWaRj\tP螎>@{^mN>!0Db^\\Tq$<v[>ڱ/0rbĶ^AÁAp#X\f{e815a7W=lUkٵXGIsloŇɶ> Bcc-{p\'@\rD\nTv \rpsH/J4tR\rH3\rSMP}\"+\0ч/Sj\"\f\tC\00\f\0չڞǵaۑH{Ӽ^KQdy.#cZۇȓ>u6Sn\tOы[XyqGd\nX^a[Ko24\nLd\vov/G0a:=~\n7\vO~F، @EDn\'Ɩ|Jwl% .y1O;^v-C\"toK)\0ëP\"z,D]n|_}wr\"cϣ3$`<<:q_#d;3Tر32?g.1ִp\\\"˖\tNJX`X\0\tĔ̬mw\"R$im\nism-_U=?Me`u7`ۉo\0\n.vPV3b<<\"7y\0^y\v\0+<\v\vh/qͷ/,Ue;[Gh&a%w\\7̄|-qQKo\rr, \fXUqkf.]ح7K\0\f<n7&r)>oޏn@$onHBiά~#Ic>+g?1QXR+uf%<]>\n˱l݇{eP\"s\rw084C6H}VL_X3!۱@Byyʬ:*e?7ƅ}X#|R\n 7\'<IՈϊ\'5[zZ2X-8#\0\f?-(\tN6CXt컈\rB5\0a6q,/ٔX9gHǕGaYCZ_W(ǋ-,_Td+{^EF8`KA[m\n>\f+qDxvgFzu=˼շAg˪ϊY=kїYj_qv6/\0S#XNƬԐ#ow!ObL y*>Y!AHg8X!d`*Kv%߅7*r=w$ /u-GGu݇j:\t ^\f\\1\t8mKy}HuYV\fdB.@˭ڌb[uB+梁\n$Xc`\0}\fŷ@^@T#@@K\"3Xd`HH\0Ae3\nI\n-]I @)p!\0y闁\f?Av=<bWu]:@P;)msi4UqQK\v\0Vj(u]eEo2{yr%ߟjW,n6^|t97c3Z}VvD4H4_\nT=zGȗʴ5).sbG?p5\tQIH|G gVbcG\0ޮ\v*Ϟ_7Ya|u\0cat~UL\rM``\fzGE/\0bC@`[v%mX8vlyρEٵ=HG\"sy-+>͐`|N$\':Y.SWM\nBw5B(2B@k\'kwB}PVPZc;&kC0;\0G\"z7OϾO\f\\/\r>y\\s[5\"\v\tW)Պ-<*p@\nXF`p.hfuv\t:f{Y*洋kyW\vk?9\fA$\0}Vo-Qye@I@d~IRN\0?T.cِ-,ρ2#g+vE#RԖkugD\0yxe ]*}b)`oA}NxR..!0<#Жcs0uK+!*bM#?Õukrvb;՜F:-7s1:gC<AȾ[{CCG=nU^=g~bT[`G\0݄տ͛7ߧa]YuP^*Xu@{OvSI`e?l\f.Boۂv[dgIlTY.Dgmpݷ6ĬDDmb>\tMJ\t\0;e\'y:E&\v2v-%i;7Aä?6*%f|lw4.wZ8ua\0_g`\fͱ5W\0fBG^&\nQ)pԅ`e^쉮\\4z>kYt\r S:{H:Xa<\n`5x\"u*,oA>mxqf<DH/ue|P{ RJMU\0Q,ql\"/IciLU4dD2\"bGviUp7HoVS$&_IX̎/O1,A߹hAۍ@9܋&Wg,}V6h\fz\0&}\fĀ_+y_Ιb̊}VpfEΜH]@xh=vY8œ*R8q(8`_kvT)XKҶ1?@mQ\0\"/A6CAv}Y-}Ӽ湤2؁x7;a$2`6\rY?+,D0:K-8\r@,v\\}?p\0r;TJPlsszK$\0+A`:GlF:4q0a\n6H;2CUcFbH*,P)kkir\';&wl.U12E?\tVm[dVʁ\vP9|]~Qؖ1<Tl-ݫ\vX\rek=y<Gʕoʎ#t!xJ`KF1Nn»G͍lf7sЊ%`,OvH/\tIǼfыIh_nߛ\tr̬N)3ϣ\\v\'~g.֞GU]UT1\vm]9Xyc);\0XAȭ!έ!jukjRT\tp[~LMɏ+PV\t5]`nK]ȢtB-w]l\vsY˜\fp9,]lI\fu\f.aHbWWS$C U%\0lc=Kpe\n]MrDN;Ǟ`5nv6\0%bQSV죴]Ւ|L͟OŕxTD`&s*t!LеޠN̖:{g?\"\n&f k~ 6U\nx;vty2v>b\\A\n<D.{!Rd}sŠ\fr\nld飵z(p;_Ԇ\fv\0}Y`gՀ\f!|Eb03\f.0:q#3\rQE>=k.2rOjIm7+`vй{@F2\'JS-Qk]&JS\0|Ǯd}HrMGt#v覂A`d@%rX[`Ҥk:5mJ]Y=uqOd{-__cƉL>6cq&;%ߔ\'o.7=\nlJ(x\f$[ ?ƻQIυs\0gdKy>Ͼf[tA0(0<θT6\'ln̵}gҙ\\%`C` JWj!XXg{^n_}_mwŕLH$Lx4ZrpSQ=9M]O[=;g/\tcp3ܖ}ؽW:[lA|-k8շEjj%,0nG#XWK;37?yf\t3bg)t\fڧZ,&XdsMyV#2P@gP= jHg3[>v~G.ve=P<4;Rɗ\0IU\r35䑷\t(YB]X{[ܩ~\'SH\f\\?xZY4aH~W\fCEbv!*at60+\00K+f%,k:[kj+3صZ482[x/!\0\tH)P.Z[^#\v`>eJ5L\'h`wTY0Bߙe\'SBvl :F=$ѢHz&qaf2Ik@rqlgq&ifB~K\nxߴ`. UҀFX^05`*c;{yR@%e .QnsL7O\"XCa.v\'㟓^y{_I?rO)2ӬqLF1jv`.!vE~~G2m<Ԅ#D9eY!VXR@w\nW >l`f\rn%l`->]KIZK]VlH]X(\0%X\f36+ՓW?9wq0_H\t\r^\revD܇qp,8XQ7ke`$I촢G2Xosv/N$T`ƁL`|Z4\f9P]Dk@5v܇@ؖ0Cՙ\v#\vZ/.M2hw,\0R,袾\f쑋3$):mL-l9yI~.<D_Dt$ؙ\\*U$G\\Ik+)/EHXS/N6>`bRDB)Z=(T,uQS -6\0frZj31Y_ٚ*g=͠\tg^[m9܃j^vkɪUkِgu浄\n;FRȭȮ:*LCA@Mx\v@m1e2qk2)NEI%/8Y[co_?3}OteRpw3,\fY)\r$y%&[,\"$v5QLF%8\nM\rjw||t5\rhYsi낻Td`V[Z,41T*^pY-`!X7е*3+D]|VN{7qOby\0q*KI52$s\v%] k~dddY6!ꄟQᾐbz,NH(?~MS:.aI*iNx.*~z@%lL]tOd࡜/~]¥Ndm;nW.%%}m`,68|7}?\f1ˋ||2rR\'>:ԅL~C1(u\vc)^>c0LۯƶCQ}L?v`0\fOhͿf~n+-ebrګ\f$7_@?^cŋ\0~ΏoL >&KsI_^yZK8C]}Vfm泒m#<y\0y@dJqD<+\0@Kl?#r7}\'JFϬ?y?yF&y]gΑEow-9bf<(SX\",rY9S\0}bl޸ĳq\rw\vUЊEc^U?{Wy߇O\v\ft֭gBfcwEb u!c0gm\rAZazɊ0uDv]1*Ѕ٪8->*}\n9A%ӌ/`W2d%MPŤ/^_;H,eO`&rmm3u\nPQ\ftB_kcZnL,f)Yc`\rKN{gax\"z0@S>)Rt M^s`ZgBGHu\tFe^u<u(J5{3\0HE#r;O2\0KQn\"}b:oqxW<Ui@3\'.4t\08>E\"i$iF:+PXHKIoڎGv;^G\tb%6F;*gŸ\nd[_~\r.\f@dغ[E\rFm@%\0p\0|Vt>ڜVu%!ԒBgY=sx#wu*\rF>ᔩ-]h:i@e\"4\r\"TU.1-T[\n\'\0\0 \0IDAT%]dsjt/@S*ILjK72\v}|<ѶqAl`~W;`%u>^1aC{>V>lbD\\ph\0km`=_0b(}//>Be¤w҄꼍%2Ąh@R \fWAӳ;ƙؔ<ݒ:NCD?+/.\n\t(\fna;&\"A) ^$e\03F@ʾ^s~\n?\vusەoul׺Р3ǰ\tk`:{eE\r%b j{\0e\fY;\t\\)o,9/X}ɿKRȬ\0\'qoZBfgKs_qf>a30#f\f;G\fBHDa 4UrYɝ\fj\0+]џccPY2D@s{\fG2GUۂYpI}/jkȗJCko2}ݧ\09N61\f&ؗEs\fi`\t\t4aZ۬}\'js3\r.\nΛ]ѐq25 VVPi\v\n5??sdv.8Oʝ}Dc%;@Dtz~*y_K<D2X1XpUKXV\"911xqvv\r\'5cfۓBd\rآ\fd\rDoŕCzL4_G If6}U]¤\0N\r/KO\na6OE5((\\+ңΛ][+G^RA?u6\vƬ\"Ӡ]$la>3Ɂdfm]ҘXD3|ORdE\f%F̶KK2\v\0BiDfX𥖏x{\\0HoV&\0Ý4W݄GOL2 &|Y|)[H?&,oD;O郒nY*\"R`qyWӴZc_!ٛ\rG.~>p,%\f=`G$Adu#;lXa\'Qn3rٛ`v lNzg/NϯA)Qy\01Jt\fvd0\0Vt}1tgB%nn0ؿ`N$Jk,/S.K]>攧/U\0pwјLM\r>_ЃUYo2Lw\nп!|{/%+u5uA;_=,0fhE{*/j5Ze.]Vq*í\fw}^3IsIE/E?8%$fyIEȊL5x-ƬH4.[2[6cfL>_3\'E,̐rRA17a2%zItt\nn;?y=\n}YI]8;\vOx\f0+|b=Bu[xm?dK!qh\0\\Ԧr]hkE1##L.ŅlJxg+r?~?E{b9\vM88Xs%8gd.\"d0֖~)N/H7>5S\\\\FE07@vI}OM\f-=@6{\nrrǫRר]m1f-\'_ފ~e4jc\nhFBژ\r0qo\t2W{KT=ef\r@Bնvxc˺2|O<1,Zr\t\0-0YfOvdK\rHvGHW0GQ$͌Oq&$d\rΨIޔ89t$Cjs6m-\t ]ސ#}@*_%/*ܹo&w>ō)lxlH +S\fge\nb)\0fj$)HY+\\6Nl_,qn\"kkA:銱aN+ojh o\0<T[$+Nj,?VP6fB4g\\p[7A`ś,1saQ/@&H-g\'\n:P\"JQM oo,1\"ۜ٭:J\t U}aV%^%p&i/22aQv6XuecCXA%ᬩv:\f}O8y<)DIwo)hi[)1\t3og!\n{feAxT<%Ȣ9ym\fj/ ~B[bnx<Ro7DB(m^\fX_[w>t ^>#`qk@|\tٮI[}fm*Ϧ/!$R4R;tSqQ1\ffB5\"R\"4ϲY1;q[!yҒَ\nPTYXǸc̛$žR}YUwk$w\'Z8\0|/ r~~0y9X̍ͩ\vۻ.k !|EMxJnȒp!U΃:2Y2p>ܪoʑ \tq5hB\v\'u?\tm/]!NcJC@`(/+pY2d61ɠVhXs`\v|8!li,Ug%Nr\t|gUTydCv̪6}D<Z兡6;\'r.WеYK.^\fYzɟ\\J]\0mtYu\fUQ0BŬ[)<p`3[fw|;zr8#%(\t+񲇽ѯwW[Ϥ546bя0\t.g[R?Kr IJ]0U?Lx`7.a)w!3H1sl\tk-BEa\0h5s>r5܃]d;p4 RMe)c|``lu^J\r-gfgkVn#{hOϟzU&?VX=r\05\'K[r*b!ٵ2ZW\r8\"B$PEA9\\S;d8O]2Q6JP4V[L@%rreYuF2\r68N\0{|u2+\0k/M?{A}Vh\n>󮻋>+l`WI\v(uAdx]|Lxٶ|ZRϴD6-:1Xv?\t gr|-p\t3k<CsRwAҢ/e\n;xɺlM0LR\f6[c(\"iJ\0(yQCʳ.8k5hiMwx+e\\{H]L\fY-c춅_#d l9Fm\\`<,߿s-\06C6X\r`yzrZ&|\0eXJ)2-ch͉;K+`P|4L>\0YEz%\0Pg@6b_;NG\rJhXA&)e͎ \t 1kW\f5]B\0!\'SVrAwm}G7އ~;^M]rY-)&;l-d9;iQc\\˽_\'Eyj\f<ͺ=n]5t\"X}I!ILڱޝcUBD}=؜So|Em.$`&cjK4V0`c/?$xټe$_D%\tȼ)pIӾ`\v?$IX8^k(/,p\'cNJ/}fG~2gemY-Ձչ,gw{f|R,z.jS=$Peિ\rhך8<G@\t@a&CE浺ilFܿa$alʘLrf\rq\'qm[/.1n`rƩ`\'wc\"ivC\n;8GƱE3:]kZ9 q,EU&е!>e/ɹ[!YK{(?_>~4k|<չ$mG#Ċ->]\n\'\fvAC.xŖ>md>/;\"㜅0F-n7j{D6)mGpZA$Vv  ќƥ\'m>l_MN7w<\\<L\vh_3&=`ZA2wn\fq#fhi@_`5#gㅢ9.1萝\0G\f\0gg8rH`5/?TV!!h^$%?gj{XpjsR\f%~Q21d\0Yc_OTM\v.Yϳ$\v;MBu\tXX\'I\fda8\0]y;@\\/GG#F@\f^1\0?{~?~XA?W\"2vgiHXd~:c2#}D\0\'o`n+Y\'TF8ptm)BK0RK8+kEX[!X]Y+vh$X qCN]<bLfoe\ve;x\tXY_ڨA]J5 <g\nG0`vQ9mӄ-`2d;9Ʉ; \0+T\\ |V\v\'6!2#|=wx{1)bS`&DB@2r]gZ\vz\r@I]X`@maV!K{ H\0F{\r)\ty]wR\tl\nR0 3b]6;h{\"2H>%f0~ߴOϵ!IS^1iFy/֖+)es/v/,y`}V!rl=]u}G[XI2鵩v\vF,wb45iY:;KFQץBmePF07֯ɻVo>L;EWBR4GN4D:y5J2%슨/1LqGxګVi,~KN%c;kjtOv Y*]\0\'\0}2;\\Z%}oxQ|CXy)ϥ\r΀ՅO`gX5%_]lw۟yocúd\v7f\0WPO͹)\"D`N:$#mt?qRօ4\n{SvQ27?\thrʣ8dgYr㬄/i;3Nqyq;zYC\0$\rw\fĴgMn6K]>h5^6,\r+(1*V;w\vWx+I\"|&X[0P+\'ebm.w\f hYR$`wsQ̳J;f%lƔz/igbo<R[\0]C@Kxi{LA>sٿ}V6C2T\r$EI>+X?ԏ\0]-Fw.j.u\vSP= Ҧiv^1pXBd\0w\fBޱEZ\'(^\\n2D*!0*)uBJ\t70/EI۸D6$؟Zҩ-d{eIvLT\t\v\n\0Fc۶\fmZ1;i;N枬ܯ?|z~捧`%kW${c%uAd=O.]~DEIk,RGj{VX_lVnc\0`oo+I9R@})]%*Y4F|C6~gO.*#(`L\"0;A,P˳!rmdJ4\n>j\n]6_1J|O\v}M\0F<{\r#e\f7_\\4\r\ndz:M\nkPk\t]\'ڙ-bG\r<TRTr0u9uxPu2j[ײ}|2${`6/@;&S)g\'\\{~r;l~Ju[#xfw2W BM텑c\"1Ĕ޹ Ǉrv\0k6PSRVrXu/!=5rVKhr\rv9DKL**)s {O\tmY7ӎwr܃{F\'CbO\\/j4yXyv%iYBi|˦@AtfWT{s+ʢp-,2deɔ7.\tK+\n䝧x\r&tj@/0+S\n&}r`Vn$6.,@{F6\"\rq^,JΉ\vA\0@-W`ph\tB\tD&83.<.$Cilc?im%H$lJ2q`aN`K~\t93\00l&$[\vҠp 5,^@s?b__ыdVzan3\tjuAT}VKC>g5:v\n]t\rҕΔRDZ\fv#!#LA]e!\t\n.v{}]gUz#e\0sg4=M}SogL\v@.Ofe8awIZ?g,,e6îm|_+˖h*Dvۍ#DA׉umл\"<nt\nY *G/,xgyg{|I4J \fԚ?\t\f#UKJ?h%CV#]e|V6aVK.>q#ovˑhl[zeDΔ[ՙL!ɝF|?!>J众>\'O_[&\"&cZm9vKa䷱Y_0B\"3@E@c\f\'rSa΀3[28e6Kuk,Dʘ4qqNS$`:fReVﭑl_ph^#nHj2Yb,z|޹\nc\r\t,N-\\D{(kƅd.̝%nlLvg{sU)K]v`{9\'RVT`vXΦ+$y**09u0\\trݻ`KB@ʭrE*X-RztBkSgǆl`w\fvK%pd-j12_N{qk,dE9/3tZ*wU|FިR\'aBDK@N@,\\[<qD-ME;gϼGc±PDH*8EQZ)Ri)8}ygK3pU}<ExI;Yb=t}K^f\09N죑{\'άL6%hHb[35VxaMxX_n~S=12b6\vo _1%bXJ$3eĤQj\f}A7#d^zm?̭a1̀m3M&eAWh9Ve\0(b\'v\r\"+M\fggw*6\rR{ǝ\r,\\&L)_>70Thq>F#*wGF;@\fϥli҅l\'umVLJ],[\f\r{x\"u4h\v*\0\0 \0IDATi\\!Q|-/or]+:i>vL\tŕL(N1}dPg0X-]^lDպ?1e`OKy`ol\vh6[/[uߣ\f,\v\tpEP(*3@\f6߳>r{EpsT<̪~vUsXh(u>7d S\f݇;3uyT͞~&9s/`x(*6ѐ#*Y{\"@`\"qth$@PBDjFKgøg\fn+ aY,\rKΗ\\PTU7I>rz~=0e\'k̊^%@ncEgeIQJBۑt-UgC$.`-23+,?{+C%vC$/YX\"f7)^H[mvڲH5M&_i+Ť$=5c8~Be4uIݿ7\'&c,e\vH1R\r!_jkwxAf\vw-%_[3\0oTիۙ\"f6Zg;n1y5{ZB^pgZVícfZԶ\"UBgFǪV8x hڪ@\0B<XV%d^P11:\'k?F4Idо\f\"\ry|^WԜz\"gP,qRFp-I)\nΌ#ȀMo20XU*s/-v!q8\'\"4򬰒`Ӕ\fvp\ftf%2d%`aK`E\rB.dY9u<`K8\r#(4y@ִ!$#y\to`\'\\;@L\';)omXM*a3G@,m;bX/D\rt\rw=+{\"UyYMzApAWj!Qwn}3q}XQ%Їr+ڵ@R4fP=\"!.$yS\f^0P쐑-ŵDv|<ꚇC\vXgg<=xQWN\0}0I\0uŮ)V\tPXMF\" EΗ-*,(0n?C-Ih-|^x\\rv2F8U]3\r%e$jUBXn{5k۟ҍq(?_`;2k0FU21P`5Rl`ǀ\\fpziU\0.^.DXۋDul@,4;`\vl{vΊ0#c;d|Pjtd3 e[R7c\fnCqbgBmM\0ܗmi\\BZ&\t2C^@lU57@4~4~ht|:JOLH>\v GYӄ>e+ffnKl;ūBBl\v2pb^-K+¶yZlqIVK/3}KIPZhi6`уB4>+r9^5 _Mε\tRGgľ\'Vh\v3J5j*}_Y6֐{ί<V\rܱk5A$P\tlB\0[bL24w~?7x8+)C>Ξsogg =?~{n\\Gf8uGk˺bV\"5ua$d~Z`5M\v<I]XYb\tvJ}-\\xҐ4=Ad\t\0BN2zgE\fɉIQY6\\|\0|ۗ\"p*K)mV3Nm m0p_=|=mb~~ܸ3Vb8ۋ9XPVL#`%&@2_Z˺()e#d[Rjpߗ/?\twry]\rό|Pm>>H1i\nۈ&7 \\P-\t!?\t[P*B\0|O-{>+pb_f{bX8%_[qJ:v/,bl\v\vtx8usN6P\"x^M{\r_Ck:ی+m[Ρԅ>)cW;ǀq\r9O;hdv硲zw/lI\rMPRmWbynn`2F;f;Z-,JRZJK{߼jgo)6)7gKPU;fqO%/\rx\nE&5\fS_DY*6NV>2`L`@=\0\0vH]/%[|;=@:$=ikK3eʾ\'NxALO]?LI\t+/#ԄeI &bՊ8l\"s{㩬\t0v&=B$763=d1cXf1ӦX8IY/偍KGO{avt`@5$#C\t2PەGp`m^w֦uA>+5::`\fQTWmK-=s\fb6]ʎka_K.h(M*ى30/)M\'s}3xΒ hܜ<~R0{̏thcX}#&HצR_`HC>+hcZtfj\t=~\r[(\0\ryV}֭\f.}Nb݃:)+M\tX!+cR\nv$NÅ*ypeL˲ukl\ts!!PHʗH]PO(K)\'mb>\'GcMd}u>A/ήwv[<g\vt?\nTg{4;FxW&2]fVd[!s.ymy.\0/z՚\fdafu\fAJq \0>Lڝ2\\\nmG2*vRR2H.odFn1q3m=\nrtŌ\vYzE*Db:f7\0Z=A&\tv m?X$0Y\"Iz9̖\fVZƞ-8C;@.StY76T1ݓ\fy}D\v&-4n7\nV\0Fr4pu-1u2#nd\nV@bV\"^%\\>m\'4\tʺ9ZG|lc2\n\r^6-=̲]y,sOڸ$M!3+LNiQM\rYĢ\v童U>@%^8(Z jXc]w>uv嗑q]go`%$]j=MgDgź\rܹ&|\f@\t\v4̅ܡZB2TshbdLWQLv;\rc|VHOXT&v<Dz=%Ǡ\0˜]-Jr\tciOfjwzTbf!#`N,][&`2zms&\f.\nLW+1ìrCb06P\'<I5]mE;k`7I ~\vV1;.kms,og`^YaQێ:xavQ4 qPoTvi!ǌrl.g/4rqq6Y*ψm\0\'ກ惚d̍\v6>u+u1b<YiYsQhǽ:0,d]\rl)2\"p|K=D={𨔄m52#U}l2X-Qn0?Q^D>q)(@:..ŕwж+YH;.a$|M)@@@}Nitme`VsrlPd![P\'\'`diXG؍ԙ\fC3\ru4uCTtR>ɬ?|i2\'YyH3Y[ηɔAc?H\vY(Y\t\tLJp7sRCr&&ә{7KJ4]lW:\\+Ȓ]$kI\vF\0Ћ.Ɗ/MB\'eMm.6|UZoW>Y=ͷ\tP&֮bGn1J;]40Zw}OB4f\vY/\03[jL8ρV;\n:%L%l|\'yqdJ\\Wْd fƱ&\"cKO:vRRӋa#\\(.#yV)Kņm;(jp^ᔤZB{:`+rF}V\0:\\կħ?ؽ1O<]\"&w\"-0䈳DfFY3)\vS<#߱ g\'J5;YQ~Z*)hk!5$=ζvf2Q>b-]SӚK1Hu<,Xo24Gz|c`RDg(&h]|n^_.ϖj\t?\fv(,PWQR z[5نnU~ygaW@[\\oRi۷NS\0$}6\'LF4LK)kTh.6^V7%{jW*d>+7%H*i턵-y\tU\t(1F6%JDJ\0]3О;\0>aHiY]\v&Ic.\f]fG.N.j%j$`%$ǶA+M10LW7Uyc`}y+F_ݘ6p٫2R&ɄR|!kPY5 Xg::;Lp%\0H;0GɄOtDUMgP5$re<8P(;Caq\0_H^xoXz~Kc`U.K]@ˤ.\fm_7f3Cq3A`zX:6l4?6x\t_k\"dܒS8Y\01RPDWI\f)9_8e&p2dft/n\fqq!4ui^SG\t1,(^ncP~s&\n)9\\ždw/?%}}|:^X֙z_\fK]/3Yզ0Y|@k(׭Cw@-b;\\`*XR֢ m\v`e(l:Xd:\ns5vyj^e͸<G2J*_!71OT\0LI)#vV:#\t|l;۝{/-h\t\f;\r/rNl8$h\tn*qN}КG\"D.H̬e/\tKJaˌk\"R&B!3涾ʚb3uZT2PuSW*|]DJAꙕ&]2J:3ۨz\"W\"YR*\t2}[vl؉&L\03%.>%9&R]zѩِ{7sLH)a\"\"\tB0su8uQr۵K)`?%JT]\t@TDe-@^Y@cC)I\\\\0bk`c^XKbкnvQ5FVn;:mU2TvF\0a˞y6EȼfE;NJQJܜ\vڹ|̦o*HlN=ІeB\0ɤ,5Tm\fkjKOy5y8#δ\v\nr=\vٕw@p]ǎ\vǶ+\nI$ٺq5z@v\nurh^HHC#¯;i8qD\r|B-f|VXжBϳZs-<?y}OϟzB8#p)|H!gOd/CI`^)x+oaMt8;[\'漱f%#y{Y\vHKrG23/Q@GuV;1^V~O/\0ξPU%6vI|\f(^΋\vzuͶE2H`pYJXi9\\|lgU0ʵt\0qQ[zޖ-2o\0#H6[ERxYGxMTZݦ|8yV\0U}x5\t@q*\n]񢫾F8Nv~3U+3d^HjWlL8\r:\v|ق)ţO]hn=Q(Oz.)݃\vظ\r:۵\fv`J66E\ve\08Xi`\r=0@gVK2@CΜ\"ٍ4\'M(B^\tedFgV\rTԝ˭\rZR(Z(\"J\f.)0\tN\fXS@h: 8iZĈݟl\'dp_<\0C6\" <̖3p/b?E}ſV@eV{dۘ]ٲ^\\\v\r<TȌGhY)5JY\vN\v>p*>;=1\0\\+&b*Uȑɢ\v9fĬ@ڢy\r>7ro ЮA^cYQf;;-\v|P?v:.qZS6`θ9|uB!v(E9Տ_+\vFj`_]7KK]P[>:Y%ܩڒZº}\\.uAW0$\t\0\t%_ O=\n\fV䐾Ë(\'!pK\t2ʔ\fX3r}z}PU&M2\0aVdL,cY[eU\']&\"{ZHeOεK_wAT5K\0[/4\nw{֙t]XIk`iU0tÂ&q.,f]\v\'ù\0 vUI\\=XQ=9]iN(+0Nm?>`@s01p};igȀ)\"w\nP{x\\uDZmqt1)#v5vfV~?]XU #x~dnӢJpL]0VIua$u>^uuC\fS*řYmY\vpX1 \0HV{\vS~+*XZH%\t&>~\\T /)VC+K/ߪDf{~mu!\'|JfR27H)\fj9㉠D\rEL/ފ \r-:M(jLO\fq*u7^\f\\Z+&=WRDB,o2\f`뙆סּr{O]eg*w?7۟Vz/:ݿr\0AMCn1;WI}pj\07]sFGPb{deql]]{ENy\tv- _iu ifpvL]z\"\rg5`$`Aft&4䳢,sjr/2\fvԦCYĬnl.axR6xk\tF3\v\n03W8\v0!i5ك$tO$uUk\nM2mv\nEï4$Xp6b`jEq)\0\00N}P^~E62K%Jz8u-\0e3\nhmE\f.hu;^\\Rסfg!`PY{\t\\U%EHH\\IL\f-#߇D,9D#\0\0 \0IDATtʔ.0ׄv>%\t>\0g~F%˦m?0`\rT1/3k\vS}rVE~`J~q\vW7o\fT06e/uAd\f+\\dVfZB/2\ff0Bp`JW+e={$2Ў?=>PR*!,Yx83kߟ{\vM:JI}W&@(l\f2PBj0ҤI3/\tZ\t3-dCkV UͽV:\r1|\'\vγ+kxǆ:M\nmNZB?PKx(j$`)x>n\fT*Ѝ\vkvrw/u߾2}Dͮ`WM-E\rxyVum$,u&|B:;}zҥAѯl]\0\n~c\f\f) q~G4PJK8Kt7I\v+u/=/am)d\vX-ήBi}v#\nfCxCť0S\rdX+CC@l/\0Q>뿇^T\te-8&M\\z|BDj.7ڤ$1tZTRʁ͙W@E?JSrO8Kyrʜ-6$a9>G&牟V2Qq]~iR72gesR\v6VVk\r\n-.ᒿs0+\nBK>+ò1k~_\0;\n4;-Bwi.4N+jswЁ$J159?A,޾@\f\ny<pv\"K9%\rr]d)f6~(GU댑VTfԁ#%[܀CK\n66ø\f_mMl_%40#2/KŗI]X`_+)U\0fʪ8|-mɸb.*63}r),`+M\rssմ\0XX,q?kH2&ݔPV!扔r}ZԃlR2D4(ǐm[|VZx[m}\r@l\\0b)IC>+(?VJI̸k\t1-\vk2Pח}\'\vX+΃k$IhOϟ4y%(iNؿ:TU@Ed\re[N$GRޙPi0ԧԖpo\t\t)hEeSGLT5ox~;H_Bo}j\"LA2[gZ|\fs<QZ[+Stp9՚\f?2J{C(Tkos-!P+VkWȌ5Y\r.0u}O9=~39`^<CJq)1AJ\n4&\"Bޕth,:o_&r&N$xF+`jM\f[{]S,!yؖM\'b@\rdз =t\'&vQ\"|CfMqlqMLi΢m,~捧_qk`Xm1M2BCJh-SlHIddt\n:[$VZ04z`>\v|/s:\nH>)ܷ4Q,NNu\\J!JJRر}e\",0ujȍ~_h̛!\\a9HzI|a+/adv`{?Oe`\f^\vêE2?zym^c>xȖp\fHh\rA}LIx=vYWwon&A9\tx2-߇{g勿ji7~\"]B *#H`YڸhLh1`fD:6]L1yŐYjb\"YL,3PB΁2\r$j9Mi@DS>\\;%ؼ\rKk\n$)7\\d&ws\fkG~Hj]g5E:6ߛK\n=k/<|//9oIфfzBɹ- \rDfLsoO촉>)K\v IW31L2`m8tB=X-n$ovJ%mBQK2t\rrTU-|]=+dFuNoaYa٥Bnlx0unȖq\vΏߢJf2m%\r,X0UD279<*8z&š\f0on<Yӏňw.NkGd,bL҈/q,/ ׇ3H˒fmћ7s\vM{8x^oJ]Xby@fdz#ZKH+W\rH]`Hh4sUk4j\r,AYV,Q(;Qʡ#qRTGFc㏘x]I多XdL%!BBAqss\'åм}{y9{>Rð\"7\\{\'QpuޅPXZl \rA}\rJƔL<n-mV<R OEeLd\nhpn#{nLQl:q@TrZqYæ{4?4Kn\0w-%z&9{W.x4<<>Y\t+*:}<= \v\fEzڬ05P6C\r9DK&\vYJ_+tarbޟӍW2\'pPhgSɶUwU_vȪ\0C5\f#\v\0Í&NKoॄ\0\"e)\r\ne-irK:B9@P8q1e1t!gF\0Vv1[^]aƄ]}Mn4F8\'CP\';y3.}s\r!`hGm㹄KsF\'>Bt[0(\vFU}3E[z#\0\0\vXu\'l҈Z@XQjn(e\nHT9X2\v\n`RJY>EOweyfS&fs%\0~&@b`GLJh}ggV-aFT63Vኇ|MBW{@0\r4$ikπʕP_B}T[nyf<EVXhïl7\0Q.?e,B:Uw\0K\tj\\BPFQcrT1T`*,\"v.^/J$1$PYTOjL0-YF7\f\fowAw8w눚>j[`6sơ\v SOU}1HVw(\t t2ܚt5`7h`G[g%Xe}[\totGuGX5|\']\"&e\'2V}\fݙ\n,VfFm_sj$k;٢2ʍ4uPTmg0yiܕ\"x0aϬZvYY\"a.}}aT>+Q\rT\t\rite67!Y4\vmҺ닦,rgNvv.\\)E@:\\|\':aY\\ͱ!?+@D5ǣ}k-pU6*\vt\v4ϸ`̣h\'a3x=%#N9k`/^Ŭ^*V)Q(x$\f~3f1ipd^Xh =&0+:[E,O&:ݦ٤2Ŭ\'g7Po`w5ESCb@\r\\<ا+ʞkU)c)z$g=gNU]0Յ<\r/cr*x\r@,z&e\r}/p+\f\v9Pd\\+BN\vSI,/cǪ~\"?ΧML2+5ȯﵬ%QyqF4\rTa.ȯmV-U\fgn=Njs\0<ƌ\"E2HHe([\rNZ\rf\\\\^X3R8^^,xwF،s}9\'\'Q^*FrDcaOvBiDbvOW;G>.m8b~w4Ӈ]j MxA&ھ͠Jx\\>u)#\t\'*x.Nzf`c\'ҪZM}+@X\\n*\v\'0nWJm-\0\nD1!\r*qOQc\"sxFOkPVr)}ú\f8C={sL\0f;\rGmTvP+[]\t\0y.eSe/GvV*RQ,tf`|Js=U\\;pevJϙiE4=.,2={EP2\ntAy\0\\oi\"80e rj{*W@e`>ppS|TFoeY3>RIQY7* Ӆ(:ťv ǜ*>;0%cK{\fmA\t\vhg1\0JS=17|ML\v;+υc\flm@L42\rUU\rgٓ7#\r6h \vvR,h7]~K/:L1%Ҿ\tY(P}^`O1\vNB`\v$ԀOh\rtyh?KZ$̍VꝂwֱoh\r϶\nYŵ@LX\vamU2)(u;1_Gn4U\f\0ؗVKoa{|;!@2 Vv\f}}|)AԡCjر*<%}I^Op)ҧ){ԸYIp\v.\fG+AB}g32A#pά,\06\nWM{2|,sSYY`E5Dgbi`R\r\f8.%?whg%jY)X5Fum`ȯfGcu\th޽po{CO\"%\\ \"IITP0lJ(4C\\,g)7V:|MJu\fc3&}hjo*(jRPhX^˞\0҅%{G4װ}9>⩓aR{h+E8U0Q h+IZ{28z.a#[I}S\n6+4V]evcV5i\0O?s\f]r)3}\'#\0e\tl\'ijDv^Le1׋b3YRT5\0JIXroe󹁬c:]WQѿ\0wB}vpc?r\"V>uب+{S g$Çq//>FY51 (7g2fk׹DkNJQ63UBV\rjIR5psh\n]hFn\v\"SEDxUQ)E(\'0.X0ԗx<=G\'fUі`bOZA+Z2*wUINd\0W~ʜ\"\t<lc<X#=87V\\<VDPy๟\nfDcF*XfH\r\n;umKڮ<0\"k*Y|\ñ7\0zf:\0WMFj\\B႔/b4\"؇fΣJi<A<Kt\"_5RI`b>(TSUB*rQ}6\fo\v N\nQ}\\:~ϰb>3Fs\rv@n`gnu-kh]\\Xu(MbQAd\vfT6i7U?>N),Ƭ4zM7Pgw|\ngP݋ȫr! \vP)-rsl+bJU+Gs AKIۂu{QcۜE4v[IϢ>o|)f{b51tWTS~Gz-E)g-tdbIpm/z\v@lnSdqȠ;ψ`bV~dU;fno:v\vH2\fˬ*,MU})\v5\\\0Xo}8+\f\0E\f2glH1\fQ=A%U:ZBFzHU}-q\rxvU@̤r6@͡\v#1g;\f\".\\B+ЅeꂅQ+g,r/dDB[peo~3\t&:6xoji\"\nVUt[7\0rOz/x\rj \"ݷ|u̓o8le`Hu\fV9#i\0>|ΰ<fPqF/4Vq>RcF-MMv̷YM>87hǚO\vX5L=[\r`+B[gؐ]^_7<sۃ6$ UeS\n5BnڅU*Q6A%0 3*Dh\0`J(:@+j`U5JvFFQL__YaѼЅy:F2}A8[vf\v͌CCewYaf˦Qn\"e/^k~\fDwBەa@UYGU9^pdP0#-Ha 4Фto\vuY5r\nxXLĻj_pýO =t@_U\nC7{hϑhZS\rZ_ՙx[>Sd\nBS͊\f\nk)*2m1:Ǩ=Źf5fuj <hyWв,C%8rɊ^vLzT-Nج:ی%kfE؃B)\"5W\rA,R-d°/\ṇ}fe}V5v\rwۥ_<Is`|IkIÍǣ!:D7y@L+ONR_\"]y[U}p*@i5yw\tw>pO66#zPhUJ8\\zwH_R%(v[*_ij`,ɬLYuH5a\0V,?*0N+Gbt1ϝçz5>SۍU@Vmr\rrU[.ȯɯBߖ[cVޢ\\1#{b\n\rҨ\vPzn0]q!\0?J@a\f;7pxZT)\"O\0#lې./B8jq,\niʰU\rYh8}}ꏲf}I귆Qt<z/G9ϭbXx2t!ڬd>*;s/l\t-eJOpOc9E\n%x_=dΉu1jq\"WC>ijUnG\0ҟw}WnV_\'eYJT&\n8nb6\0QNwT<(^ap8{[\ttT\rFCi`c,\rUM\"[Cg?Ìt4gOnWt-q`Zy}iqVnޙ8f@s\tQ~]IyP\r0]tkp|AmnXI=[̌`N\rM̤\0^C}1\\r3 z;B&\n3bkx^UO951zUvVv\f0Z5Q]мEA*bX]\"<xPʨ:\r\rtI֜O%,G.L7U%O\0\0 \0IDAT-J.\v]UJ4a?*UhІ۲p( k4VIڬ`¹K\"[ݭx\"0/7~PZfa,ocb@QЖ\vl\v);U臧H7jlWGҀ3掩aI6\fb~bN2|Ѱy2\n&+j$j|!XK<2[m2߁\vX1%ݗ՘G\r3.LQUU²{8ﵞ۬\nE0T. \0^\0x\rDVtDmV-ea?VrQ\\9\\n`/XZL[nUr`j&eV*j`*jc`ǤCѳ_G>gvdFE+LجY%yJdJ]HZǲGՄHx_H&\f_/dߪz^˹gs丱uc\vVC\fo8;Q;TNid@؉bިse_]\rtK()beA~d>Q;#\f,su>bX\"f2])\fj!I_+_\\,A˲H15Unr\rZUdM0er\t_|\f|xonAꁓ#9hD@IOp?mkGbLJbY+XG\0aIS1~n,)23ȇ{4P\n*5rw~\v?*FXS\t4QVC635779\nKitL*87ȷ&ʲ4u.HڪNJ<\"k\n]ޗf`5bk|8@1\0ZC\tS\00׋?MŰ:]zAr.YJE<H}\n.,\0TX+ؓw/sG*6@OxNjziX\rhY_ro *24TM*F諭o`Zp`tV,SXuQ\r4w+tMe\'U\vZk.L{2&̷A]ګtd@Դ*\t*hS\'[\'SǻӐlP~Ǡ\nR\0do,>\f;^Bgz<U3XɯZՅ%Ygg6ɼ#\fˌhpYbJ@`\0nl\r\0z\"T\0(b(גq7\0|pc|qى|L`6y,VɋI[eJĒJWP\0+ZL@\r<Vl$\r}/h́<A|;߿>r*\0D7\rlV8)s!iI)V\0\0\"]:U;xW-QMUioPא.kr}׳[~\'\0gWr:,x̅TL/7Yc<GٌQ_YPےV1H\\ؔgM o1&߈\0m`KY2Kͳ́#msL*uQ&IH9([:kо*/4Vн.3>BSmؓ5h7:uF=NU^V7#\0a8_\fmCu`\\S-I\f˦DUJu&*\0@\tuJs{Wc}cVPa\ne\fh#C\"s\0?͵,8Y \0!Mt.f8|s`\rUjJGM*0 ;0b+@`̬eA?[fihq6\rJ\04}t\vAx[;\0]WDSC(6zLbxۭ\v{4=AAA.W]HrBT_q\0~\0}}*V9Yغa)\0|d\thwg{FsL*Y4V]@{]dRZj:0kK@\\1T\'TBs\\g$`UؖЅ`uxOz_˞U1:Q{cσG|?7u\vR;N(aqUSDW]P\"\r](6rVSCP]Ϡ=0~}w=Xo*\\BL/٧;x}AH]Y*LԳRyTK5YkI\n1]\t\\]Xd{x`\\5vsu`*ڍO=h,\'}7u`Ff(W\rbr,G;aB29lujc/ӿ~Ai`%7*^GM#(1a#dڙ䙔/i|x2{=ѣC <g5#g=t!Au=\0Bfco.G?5;Un.\'\fiI=ֹ\f:&EhӁ16hȍQ8̃u \0nBJ$Swkz_#WIx_r.ZmzAYsMq\0iHP(4p\">jy}~gvc;\'v8\f\npSz7@W5y\t?}9}vgQ\r\f9\'\f(wl1s>D{;7K}.ᲇ2)R`\v|Hu;+tbV\0\rbࠝ$i\0z7/:v\\0^lM\0+\'o?}||0٬P5.Â:0:Td\nXlVNb\f\tׁY`|y99cj:ǒAr/X4.>F\0z=}sDt\0_7>E<?\nPf%*\fY5h`_VڰJ~xř*={+׳#[v]hWV\rol\0ne!\"t>NΌn:F\0߄{ZZ}Q`lu/=ǠkzPUy,|\"؅ǀUjTevO_q\\N=y\'wӻO G^˯VY\nU_$.Y\0?\n,WRja>u7Wރyce}/u[A8|f.\r\f}L3ō0EVU^ϸ݀t33FD,آ*.\v~\"<+SѠp.6U,]5Ocq\t@\0n`K03ot\vXrG\"cqLrfl%^n$ϙq?F\'^;QUxW\\?\0-R6@Zj2?_پkgd>Idn\n]:41;=6j]%/(=kWlj`\0@.ᆃ\0\n8,CuY})(G_}!rl)m\t+[;.%+ְR]ӣGw@T\"LL+4DN\fs@ZCq(XH8]fspCp4GyeBiq(v~@G<j] \fE#p+\':p+X+45p^Օ`iҢ\0coZhQs[C?gMTj\t퍺~ .ɌF<\0RJ+TJВV\nȷ?Wt$f5a4p;w[[G˯D8J\"a|{:bA}(Og. J&j=ɲ3Q,-\'m`%WCte_¡=\0-\tR@n-b^G;.Ͼx)s\'n;좙Yyܛ+JߗEԜD3B*kHV[k|9mSih\vB罕\"O<(pQc8#\\ԋ\'0u=W1㿿}YL#Юվ9G^e=\0?6A\0gc8|\n5^@ů9cZܼ)3@Uh221_Gkw|o>/~+>\f0ΊA.{,lcJdKL<@%::ނq`\"(=vpp\0^zi,UweVlߣl\\G,]HytO_tT[Udr_d-}?ݰ&@Ӷ\'ycȗq}tUP\ry$+津\\\0+$A\0o\"جBgrUr@486\\tra7\\(876ԗX|4.sOvx>؉2fZ9+2~x^Q{$ƌL\0aTp8b{NlE66&*9>+6&zPj\'T\n~LZ\vͫ\nXHɓ@߶ym;8D-)OmBc(VVQI\'@7x\rt.aٕ䙸[\r՗V5P޴~:v©y#P\tfV>=bMȬĽ%~y׋UlFeS\rZ\0ьPؗ@}9^u\fශp\vDGɧx\"ڳ}´/<O{A)`a@+bT0 CjQ25˂%\f̎jQ.8Ee̸OろG[[Z3k\tSͪfbz>:恣=͠\0)v$Gn\f]B_T9b^Ŝv^,,WY\t]:t!zyQH>\')-7gb-u] \0`<f$ϑc+\vseN\\pI#5v̋tmU8\'˼qaz[N⧘i#ԅ}0bʕ\vߍDR%O;;@ g\\NyپT;{@iQfHN[;b\tg#\r)+[\0~7z\r˙H@MWnߤrW\0`{Z^zw\r.GpORx\"rm++\'Km/BVD״A5![{ʫf:+g^7D u\fC{=,WLrP(HA1ѧ4uDO$9\ts[)ǖ]*ϔafEU}Qj\"Kj;[CM#)N5}YD(U%\0:V1.*L3t\fVhpS:V\\&\rumBG|\fl=w/\v2)i\"Ay]\0_JgY.;fhgۡpߺOwx_&irciz`F]0n/\vlV&\0F\0p1GA\0NF)Z٠\"@oU=b\0f~n7=TjMrlٰFLj`]4́1\n\r.NYנEA/፿isgY\09!\fW^\0;e\f\\G%\vjCzn oqV9x/@X\f6cFrgSmm\tV\"{T{p#\0l0w\0^I Ͳtͅ7Y~4tD\r8\0a\r\0\0y8k߄Ƶ4diaV2g+h(\n0u׀vcS8X\rV>..2p?]=~fke\"ɤyN`;%L<؛tA\t#tƴ\n \r\0~͍c\r\'wOIo]-rĈj*t!f.\rKlyɆzn$M\0]!DH&P9ًT^11:D`J|t\0`_y0.JZ;**f0~\r)Ks)`D%j6GFF0Qyus(K;zteuk!̀GI{ŃC!\\g\"oC ?|19~{.z_S`\r!3Ԧ)XtuR&C ꓸj$.j_ bz9\n(E\nX(@s.7Cc,l|t\'q\tS+ҿA,tK@dVԞQa(^-QV\0yPJ%\0ܰW=sO ΃\\KE6n0EB֨Ve\"g R®YT1oLOk}@j\fQFX&\"94XV=S8\\x3}0)0<pڳP+:$s<=gn|TL?xWDo=@\t\0fU0Lw,XFV{DCfujk(>9AUS{pgVqb㯬=(Xvo}K,O=\0c0zzyk/g\0\r8\'#7T\rK PS5B\f\\y8=}h~߼6SD.ȩ\n`\v\tQYoiZ6شFw\0~7\vϋW\tAC=F[tb׫zR\fkbF\"3s[7o}/㯻4-ˠ+<w\vА]1޾ 2\reLa\vVvlۨ <m\\g\0~\vB×OSqN6fs`ŽgGwzcf7~Oʠ=LΐlQ.x}Ѿh:egʹ\';vM>4egyr2\0\r5Ysu-q}(Ѕf1Њ\vY\ref\t):ѥdsL%6eL쒭7,-=w3H]|vL!!^VVGN\v\":Պ/k}G4}\'$kA,\"5Ȟ`ǈwZ{\0.f*b{\0}+$Ex1&1XH\r؇en_xXWeosw<dGf\\ۮ#|\fSu=DNpH \\0{\0C˜xpL0S3fV\nz\v\t(-)T8bj\'{\rpcm\\<\"1TJ؀}a:Я\vQ`|?>ӏ~#\\bgSւZT{tx}}<\fM`o \\\\@vB{SgPY=i؁+ӛ K{sh$cK=N\'o^O\\a0x+r.9y#Vso{nK~\n2ZIg.LR׿Esn]46u&*A^ڋ8DZi:e`cDzU\n\f,xBdV\nb.(~\n\0>߿Ok٣{ol*#~5OT;ctc!/\v_3}>]ףFAu\rEF?d&ۆ1{>\rl\"m45G!WU7Ct.\rv9X\rshι%/ۀ5/D>J#F{\0cآؕ,`h럭\rL.AxnȯSO|Qf.s56iȪ6p`k[@<رuM`T2\fTT/5(OLeQ1p@\0bD(\vSXz)x=@{,h<w\0\0x.`e &\0\0|.pGFǮ@L\fܘჵ \0\0 \0IDATv:m\\\v+,KmNuNe\"CcOxp>Bxfd`0Ȓ!Q:\0`>mVhDtj\v7rqy=3dCsBD\r**ٽT\vRhQԸg=<G<GN@X3擨&>]6Lī\0%IFGA#w ]\"ZmQ˳>r |E^uzQddej>,wO<[b\"Fm8N5fCUD]G73n\'X\f\tD,Tga\0g;1 ]Xٌ.ϑNTxh\0RL\rm`L/2Yg#ix\\Io(ru:*Sò?Y^*Ǔ#H{ҡ7-^cO:-WբaawZY\"rdmro#n6OScC`\0VM\v/pQcb\ne.m겭we\f:6~.^TK6+.\0㋸v2E\t*Շ\vږbG.qI]Y^loY3r\0fqD,`{-]DuHJe؝}c@́X\n@IҀI L]PޟC;$s3=G*߰ Z}ʏ>8#$7bZgv`Kj@\v?sٽbc\\dSYZ.\'_s=2E}vJlVnUjuah{P}Q=&5\"Xiv\n@9LZ6cX̗(N{( \tc刼(5:107~ =/g6x:\'G$hc\\u&J9bX}%}1\f.⋿y>7YX?eT62f`ZD6}yu=@+Nv*V[!\0StW\r3cf\0GiK\vUw&jD5\' RդI+_CDQO&A^О\"ڝ@_v|(!tiwHG@\vd&+6\r9=˱{`U*P8C\f@7cIJ4G8&֛) R݉]:睏w_Uۢ\'kq.4\0H=L\fZ\tV7گ0%ojh\n\"\0(D|pXT_$=LL08E`6..e7013Xm52(=\0sd8UE=Ekk<gN~R(t>1A.\n(Ubs!ȑ|srJSI\rGry92>kfalk\0scߌ_S5fV,]k+fRA6+q<3E\ra뻻⫟Ź%n\f_(\vJ\nVI\v^bФT^ݡp;^,qTZʠ\"/Sg,H(i{V̸-Y`ċU0em#rЖ1F|Hl;#]VR@nC9F)9cVa\t\0?\tؾ\tr1<\0zUKPT\f+\0J\f˟\f]`5G\rDiOEW<sT_)Y\0\',jrv5ͨy÷;۰?GM\"VYƬ؞XY>G\n8TOpp!Tܗ,g;C2^X_lM\"*٣ldAcab| [*\\dMX\0|&\f\01ns~:vY\tY\tVnV}ǩt gD\"ބf.⚬\0<U:K\fzE،}fŦMvý^l\\7hB,URuP16$ω.Ŋ)7K`\'5$N#NAq{{UQ=F՚DDi7ŉ \"8l@⢍TX\tRm)CLk8_9\"CPwgwsyiHqwof\\{s,k5r-OWC%܃h`%tnn{Ps38ݫ݈T>j %\rGI\vf4vaQ}w\v+.,ڐF%IջFꑋ\0W=Pe\r(\vo8`f\v\\!gw`+Li G[ga9;ѐ:<wnr*N\fL/JRtfBij8X;}1^Ḻ$<O_|KG٬`+ʵ\\ϴmax1_\n(S\vMGú+^pq\\rGZfZh|R3\"v2BHcRGlv6InkYh_/`_$C/2+EkyXDM\'`d+U3YVn\v}GQ+|F{<5\"*lۍcLʢ85 ص35?>ZQbW\t`wYY߭wj\rA\r[K]z}/xEUe9j\nKmmE@͊yH4\fZwoΥh *\r*Ke\'X+B`~ڗ袩={r^\nkjCt4w{O`t2h\'Ra\0qBA#XAj{ʱ07h@꺳ulCEYYN}\0VADnѤpGK\0-\r`k]i\fNmEĢs%G?Ckl`f|GE^Ϡ:6f68+Թ@NLı365p\n5GqM\fynsPpc@+ygIJ\r|(,`fP*=A]a=qN@va*hpcy6\vm-T1\rgO#.zS#* d@c2;\r\f5`OG+Tfa2+m0g;U\".RH=#\'y:+ʖlHN7kgʌ\'\0:0\f\nf65.0F5`\"BͪVT]G/$.}t7fϑu5-htä$\fU69lbA\rګ%\vY;09wqo|e例W&j\0Tx]\\r-N5Hx_ٔ\"5UD\f2Ǫ&wZ%ʥR`XQ7D _x&@f~j(L(o/4.DylVX8&ꇞqw~\\Xgn&G9+l63$߫\tmӉ17ٺ|l/D$?{H!ta@k\r],g\"S2Vo0ESMrz5Xf%_~J<KFyA:}B+F/r`eo0mAI<ʑ8R\"gkȢmmԷ]vvMU\\\rEc-\"C3`\f]\0p88ǋIdWq9u\"RW\0nac!7GKF×\rdRr/_q?Y5aQ9x1b@w]k\'H*!$ЇXI}Q[\0f;YOT\v r\fqV4\t*lOl{R+Y,P[G{_\vzs,}dU\r1|Cz?i--9#7_O0,3uo~>4.VF\vJjં3\n]@9de]|G^s(T1+Aw|QF6\"|0qm1d7+BU*9074=jfd\nKT/@@@\"Gu<vT#AΔ\vހ1V\v\"|9),Bth@;UkGqP),n\n`(Fp:,>j̆ZerDm>Ɗ֥kj47Q`w~Kxn{<pD\rl:UArP3\0|xV!?@\t:Lڒu/0I52MHRu״[U/آ\f]i,߉*@SC%f|Ϥ-Y\0ooGap{<c Gc\0z_#\f]npF:KT`2^d>9\\\t&~~ GD%V9ƐHIӴ,\vcAg\0R5McxUx\0A׸[\0~,QJ;0<1UA9Np\fz\t#j*lcխQ\'U ]~idǫbQF!c>73]~uyO3\f\\VhϢ2Zxͨ[/}r\09\0or琍3;խϡ<2ayM\nSr&! w2i&vKϊs 8`AX`[/FjfVU]P*+\tZ:AY#fh8Il,\nWn`T\"Sv/W{<BgyDgv\'7L@}6vU2OKP=ˊ\vd,≮s0Z层`PR:lv1U6CٜN{+ӱ\0\'\"C\rJLIm$cG,w0*ľ\f:N?i[:8or[S܀8/m]mce𮍭aU~4R^Z#s\v#J|>:|W|A2O)u{\fP\nNq0;@\f+,ۉREo}瘡!V./*brP\f干\vS#ersT<\veut>H]\r49F[_9|h\'SI/T/?LVE\tUBx_ʖ+6BxBt¸ܫjS.!nxaYiZ;j?z1x.{ϵجW1}ͺtUռ2n\nDLs\0|W_xu5L][&/!أAC3]ؖ{|-Pz8 c;k|ٱ/6frcoZ99X%C2W()} 甑!+t-!B8KZ\'4Y\noЄ}5:Lƾk֝DW\nލ2ZI+ٔm\nVZG,H\'\0DplȅۆI?2ݡQ 31_\0̸?JyB(\\B@#I<{+@2\tV:R-xY,T\vN\'S,Z\f3:3wؖaNd\rV!ev/a1X0u@Ŭⓔ@w/p<nS+H˾XIu4TE1ST3O^D\rsEg$lV^BwUظѦ$uځdwCDl}#k\ti-3IڏH+}^_/<\t50ҠPi\v<Ex`Qa9׽p%N:I_4,hCD,j89^@D\f|b^\0J˒1[|׾G6ܗ0hgaNSﲶdLD}a\r--9Qb^ڽl+@AaR\'i MV#)2\'ˈwu/|W ta\nԎz եG}in Hdpg6\0S_D[E#N,yMv\\Y0e{@vonk1ϟLdM:ǦsT-9/,o).S:ӢfwsV dwی8}4^@99X҂C~r@|\feO82&^~eO棽28UCkC&@38UV* ?\0O\vb`V#Ϛ1_nN^|W|n\0@|.]E@2!O`SMSH_bl?6YwWk29zrWȢL\f5Fx !Eޓ:GM$,\r͙AS^E.2tӻ\"GԶg{V2ĖАdUEϱP>ȱ%le3D5֢eEȌ9b\0w\0k\0VXq+`IԜJD6+HހR>>mQ].i{{>\fl.Yn=j;1.qd[ɠx@\ff\ft>=,CxGY\tY\'jR\'t@\v\nPOUc(c͡\n^8M@^}J+J\0]>]\rcnX{m]~hH7\"#Z,ߨ\"ЁllA^m^KEo!\'2cthKĊpZF#j`s.R.f¿#F12Uf&h۵XEj\vE0fUwb9E4P=Fd\viQU./DqZX^c܉e}eFAy7\"\0]\'\t^,7VLIDKꋲQ\v,e*+aY_@vȴ\fƴ]is@UmRƜF4 ?I2nnUȪ0UOW^&I^VGq\"\n,-\"n9`;k\' ;־h4ZG<~V\";јۄFIGf\vvy@_\tTjrp0>z|SRWFHm\n&wv1Lc2\nﴎ[\v1踂XPݦEbs겪BL`/\v]$G.fDUܲ\nqJ\0oGZN:4XҠYj \ruZFJOu\"4U*vz>\r\fTW\'*R#XHP4R{Bޗ`\\¥6sVaGBzf\ruS-\rv44\fqFQa\f\"sb5SzslEmV;{R3e,o/<}̉Vu&y&XU~o:<G\v쯌`GYq\t:Ō~)Z0ΰ]\v~,<\f\0VQ^4J`&ϳEUövNn\n9l<KR^/>^_8U>pU4}WcǠP\n!о6 ﷽#;Km\f]\f5{09RNY \"8ǾdVzjav[w`{7KRUH9\"6\t۷~[\no㚵-No<6FF\n@B``u\fDS\'FyPSAؙqw᰷3}ˊp{]T;8\v!\0QVamhL}U+F\t&{[gvHx+%\"[QcՅl*39\08}#\09QdQ&C\"GQ*F2Z,ӲB_9db݀|-o\r z>3\vx5(pݸk?܍xqV[}sЅt\'\nB@J37W`%;O i%\0\0 \0IDATHΛL$.yY=Jf>]Pa!VkXa.stAMGƢYB\n>?j\'UA%4Q!fRLNW\t@}>Ve6R3+F4ϲC%U^Lgc<c{|L`bf09lRhG؀^1:\r7s|D<\vi8`e}wyBPZ*.԰f4>eSYi\\R\r̈ɂ/;/x80[6(V݃/varPZ-:Z.]c˒AӒ|y0\v2*#Ai)3o|LFwu[sPtA>S6TX7=\06WQSډl!SyL L_nj\0:,mxQq͛ȦbVp(dj#Y=|%28xPj\'ǈR\066[\rd.jL^9Hw\rJI\'`uJ\0\nx2S@lyZ9Nb\'|թp9n(;;ۢmhg\0ʡ]\0vx\vWM6#stZ_b\rvBdQ\"P\rpa+[I<Xl̨݂\nfET-`yF#MML|9CICXƂ=v\nR\rʬ\"\rL̍waR~\"RiW\fdw\r\0Z<\n\"s0htacHa1ZMLlwU50ȡ}#Ziq;lY\0xn ,^dZhMC{pV:_+<tޠ08S\r\"ji3y*Gq\0 \t~tWbhY2f(%#92|({Q;l0T\nvTM\nrA:qmJ+1DB+oiȁvxL-CܺλulUBY\0jxQpB:UzGtx,JWwY4Ab)5A}Q=1Pz%ey5\\dl\0_\"ıY=\nsg<H:fmfoem0\fGF0$m0g5P;ａCF\n^*.>b:|u쒎\\6CyjW7ͪI\n\v2VClGG&[\flգ4V6m}ITNqst؛<˔<s4f(\fF/.3%;P^>H-ɒeagd:3m\n61U;T\rr:愈 Nu1ƝOj#TO\n~ؒQpjܪGW*1&O6R[i~S怩ǦN²fe0u;Ge^dXTS\03)C:Ƙ47N$DP1S>. #)?<<Ƨ%\vu\'\\BUeܫʟ\'HjBn!h⌴@wb\r=l~:\"a\0UUSG\t0*Cw|v2mC%ESzJe2*3,E>\'U{?Z#黩ai&19b;\rʖs-Geu{0ZDJUt,\'b)W#JoNUpզ\0Koݐ(Ѵ%]%~\\v.RXhA\n6+,\0QXj`\n%.J2@U5\"z\0Y5[RkEvO[SXk̽Ëee8>*lGA^b|;1~;р\fP GwkKnr!?12=ޙ\nr$rqR:e\rVz#R5U<}D`a9_kJ_,޶yZ.,Sp8tmn蒓`uxg_{JD\"9/L4K^tz2$o!)k=άFʞ[mMA5Yj;IVUFQ\v[)u{pY\v/f6u_Xp2=F.1cRF<n#ƃEb.F1^ԗK%\'sbm\0:HȌ=_ZtԿ\t\rHS@\r21J߃UG0C bwly/EqS690@\"#X@֓`o*e܃5<V3`PbSm@\vسߺ\re*RȂ?؉@?{BsIY)\v^Hmk;l9>Ndo:[NTmZeߩvl/k\\g722?pX>|EL\nA~^Q\0,E:AC^/3/RuATHg3h65PX\t\n9\"^x=݆\"\v-K~G(09\"9LQr\0@ JȌĈEȅA ;/ƪ\0==]ߨYW\v=30l¦Uoyi2T8a*}3\f\\7Y!.r෵x-{#h+äӅ<%eĿ%}/|o5\'g*W55WxPu`dHSkX1K4|We]At>)V4:9B{yu3GT\f4\"92~7 \r$\\T\\g2yT4괎Ӽ0\fdVGJi>z)K3ȭ\v@ݻ#\v_(<vuiE3*;/C^N[u(=\"-bG䀉./uݷ&GqJQ/t@d*b6(F\n*4yUl!=,\rY)ů+-\\/`%,(ɿA2.9hOU@(\vM<}XÙ\n`ޭ*nS)s@Dok\f\',ëeE9rV~m`EŀX<<pXu#/khR)4߽򆫤djء,ƂyM`N>+ka7k\0W.\0Im2\\B\"+T#W)X>u8..v\rr\0Q˔J3KNugg(Bt\"h6uxpb.SGbJi~3L0^aQ*.@-ԁ4%L彪6fӦb\fRx5o]b<+5+\'ԾǙE20;wZL<H6jZ;^0!ȝܡ+Xp`XY\n Y8Z!y;Bf|@^|/eP*\0Ep|<`v\0pqB-$+TF\0)CMB~r~9{\n\tv0Q@?Vrdse\n>qj.IhAqc\fLs;i\0ƪANe~n`&w5}Mnqժsov4M8Viq,b+  M$A$QW0cA=2\tE \t,!:NߧZV}n\'i}9v}صKWrx/3O\0F\'J\0/U<=ʀ}ۺsWϵl¯gt1\"j 7\'\'ۖ.{t\06Xq)G=\\\\xn| 󀅢u6b/)Y]gAIݫExA\"l)\fېw;\rHL\'SX+0\0J&Ӷ_UI[W0|^\\`ttgI_.\ft{(R{,p&tz~u@7Fi82(d#O)$V{}CZk-<Evlg+gkYLo?o6x{}lp\vW0g?XUwg^O/ѵ\v5]_iԪ0llmgTaFiMuVzh]\0\tWGlM:$eFKxG(N4qx>z\nǻ)Rj/ཫ=5]ޯVx3.m(Zt9+LqP~8ȹ?|\vⒷi<vg8EwO1M~o0U+YͫMQ\"T\vî[d)X\07^~У=~&Qz)ˉF\'>gW͢+\":!*jaK*a5(4Y+_!\nx֒{ZQpOx1|8qk񥕁\r-ZC{X+:{p$qm:\nQ\rlxh|t\r: hp=Ss\t0@u=}?t\095fi||_2Z3K@gcVd5b}\0\0BͱUFӟ:uV78\n2\n-iB\0k.fu\tm \0PSP3c/`;ivѐ!YEZ\0]sx2j A?鴣RhjI[\\XT4imWl;*-PgMNmu8.8-Xynytw[h]wZdK\n\"B>mury~6iBص?_-~b*#⧑3;~6\0,6v\f\0֝Ftb4td{7hQzEVl#N\nlY=RmF\0 .\0jQd|1#/1\v샏[:°^rJ-I·(i5sgE3<bh(M&S/HU52ʾ/5Eqۣ]:\r``mLr>_^|V9\tMF-u0kmt)@W3<7n=J^:(>}w>\0~\t|\rz_5Hk>Y/[$Ƽ<woYIvx\0|^\\Kiʪ&+V\"(G4z3ό}0E69hU͍w7>W6h&ot\fKIsvg˲%:h_Kۋt\0 &\rLt͏\rhGuL\\P$Zsɮ.]Z(^ƛz.4OŻ~c0%9o8X1RXٸ5LU,\\7t|޹5*~PGޠ$ཥTm! wc1#mپdqFE\rf4\0XDlzLwYKNC|\"(g-\"hgұ})0åeȐ~HD^Ex@&Ł\fuZbT%\'wf9\v}lC\v>y\"- HEgAͩ}t6ORHξ.Kd\th*~g) iǟ!u9[ՊuoGȯ[Ӌ?\r]\nx\0yMGnk#\\vD\n&4c1y?k3xZGx%uU%r8;qcŞzxtHv*7ŠzKPP>G\tn5eL_L.Nr-v-т80)gh|_h\rj\vˮee4k<ΕT\'m\f\rni85JflQzsK[(*kݮS%=/~}O#^U4pV}\f|{ƓaivmͱyUԅa\vz30\\n`4~1l͓9~;\"+\fVateWA\"7Bzs4Q|[^;HFkc3xyᵊewnZXQk|7m#y2BEm#u+.ly=;Z$3*.WRiFmb˃0@\t劦V?\0B\0Xz^|iڶ\0X\v\v#~=$^YdUM.7躏v{d(`D]7Z0{IB!^~Y)_ʓH AmWZJj)@&ts)P*>pZ֟T?G|aaxW<E\tjOH@zn⋔@U-w*V?;NZr@/۽Uΐc}VΏƧ/s3P콁P9~Fz#/~X G1z;]yw\0d5):+\n\\W\n\0oត~\\}t֕\t^\nwՎ\\XPL׬*,Ke\n;Ꚃ\n=jPWU根LEFYJaAcS\ns}!9dW@7\"HBL&YM;C?fW`i()h&nź0Fϑr)2r\086U4 :5/%t>_M06=eOOfۮvZJM{79|;bR1׶3{RE1nv[,ΎH{G3̱\"!,[wD[TLcM1v.\\(7[1#߉.U\n\0D+*LQWerb.jmE~Dב@Sj4Ѯ~Zqu`G:.3}U/K\"+Q<:}o+N-(i<dPAqWijѤ7gA7%M}@5׏s;A?^|ύٰT&͢c!@0@JE6]\vD+aNeM 3z3%gd`^ґV0\t(U+JIXꎡD`{Z!u<ASNx9r\'Co؞wz۠+&R;@:~,Kўy*<99wICdGmvĭ}sYĊdox/L\\x-*|\0hUA?_\"x3I>\'VuIbDJqRl\t^a\vW} BRk\\j>^H\'-\"P>=C1bG4o:2E$rj\ni2z.k8aǘ`UV5IFb@nۿ-/Ťx8\"RۀYщ:#7[@\nTt+Э4qބq\nHWӣ#7hKb@f\rʰW?_ѱ\'>/__}+RD)`dTF/F;=\n:]`%}\t{H\v|x2\'dO\v#8U6e5/N֟\tpX\rck|Ysu{tw?iyԱbIǧtjE3<]*7:3koi@ߍ\vI1|ھF>9Y-Ψ\v&\'.<>L޷2ï|^B\0/_zD|\t-Zl\0uce-ƌ;#s\f+6he\vgd=adglE&\f<2=7/=kVg{1ydx}ޫR\0`1CMaԬJGVpO\v #ӐYz\nb؞@ZtlLNI\0\0 \0IDATÿ5=th\rA~\0O\'\0^_oA͐ddBoU[b8΀FR=LE\';i^k\'3o=tzn\"e)B~FJiZy~|4`b{;FǘݟߏUU7JFD浵70*u0\\2x_^3<qݫ6N\n^\n sd.D;Y^?G:*SNד^S}pU)?Oez74)~x\"+϶g-s}<z|{O\0jꋏ)\04к>72\r2\'^mXFj].pke\06.|BlnHS)Bь?=~+Ǧs%{R-: cO|b<AFPx{D8\"onJGt)35Wx}bYYN3YRS|<t\\|V_:3 yw%_\r\0Ow1X%Z)RHౢV\v`F]k<{XmBZs.Vi^b|N{X\\9ܲs;ѝ9~Ѿq<\'8ڻi&0\'DE\v1oČMc㣭8!̈@kkz31\r>OgGBՑmo}RD8m8:ַԗZ\"Ƕ&}_ܩρ-ª?3@WQeu<ǎM_=(JCeҳfFS<lOԙ=9\vӹQ\0F\t.mlT!gG+4cu[\vTٖlrEi\r#K\vy̨6Vo~dz`u%CWEM{kN6Wyڢ!0:0WzD^f}?T1\nqkjDhV1jVsq+P1\"oqc@\0|?\rWe|\0Y`oO|7}ُJn5^2HBzs(o`r!@F\tn1sϩUV2rceNB<>N-7WJ|t_\r0SnlvR~jU<PV5|Өk<8iY]Ț7vMM:\0oͻۃ΃\0?fu}0aD¿ϝE75wTPs(io(뽄0m_͈/L.WTlBaa`U隇LӢs~>R>%3Fy)%[tyRF{Tj]O\ty\\qX>01=:aD)XY|l9ӺyEO 5▿5M\\_I3-ԝI?tژi:IޤTj|ngG{SjbY\0\f8hN3@kߘ4lU`Z,5 G͋.,Zˊ/c\t&dtTˈlOcjԢ(X]TX_d+e`78J9y*e\v{e\f#%yo͈qL6Ɠ\t-T40نmO&*w6c(B5#XVӹq\"Aj.7W-S\"`F\'Q9>\'zji;4>!,F\tF3/1#Րm r~Pr\0W &A\fW\nk?;xo\0\0׺#y)_)ĕZzq&}ЄQ7ÅT#!)CSҡsl\nk=i:k^!{r&@ӴjBES5<Șrsz?1h74>odJl~-LI5kNdz.i$\")1<-2ઉXf\\G4#oS -\rWӼ:k>nL\t\0^ULofMe\vo}7zI^s̯:\r!&Y?r\fGҘ5myuTNN,/Yea\"Ly\"uIχEUzٙv\rؤ-<T~><20>p/pܛ>n\voA؀hut\v]C`]/*\nm\tPJ7=PUc`Ё|YAHӺVDa9ūaO [_k}vf/r\"{#MkyJL(\'2uTQ4@Sʗ!5,m@_}4t\r]S)nmiWғU&jrڤv픏x7PU\'FPC]DvE#fYgoxwlڶB/)μ_X0Wx|±-޽>zn:G3[2@\vnu n1fbnW&#~Ǻ\"Z#lH9Vj5XĐwM,\"^oLOLȌgʔYeHFLJ9QtEFn4\"{Q-XYa~ÔT1\ftiz2EPI#%Qt{*;&_U4Z2y<},OW<!-Tϔt@u\vhG ~(ZvY\t.j\\scWB\'Ay-<uzw$u qiZ\r@JuL:}eJїΌ}~\0/u\0\\ϵ=-_9нٿސ&+- geY\r ;G֨6YYⓢ}j`,5O?ƅ}&RdbE2pxz߻ͺ:G1Wvc8w0r5y^:N\"v{&uB7G(/:y[ȊnTo6!ɫƍ5(Pp\'`\0]I%V`lexָdȮ^/ G.̰R_Ԉ~<CcMDo?８>c4:#\"W\rnk\'4ӕI|!P*ma[n)*t0jKDj9c63s\\oJaۀ,.1haԴǴ6>;Þ2k\'L~].LFIӳNF@|X)-#1J2ۿrcW8@hH\0_[@o<#D~9_R鑕d(EbW^~xV|nv3neMy#=UI\080H\fNKt!w\'JAf˳컟zu^mĸM!MN{߬0Ƿ32Er+O14\r(,\"tηQSi-3\r̫HC\"[_غ0LV/PiΐCHa;rE)s8gq&>:ď.I=W&۩4\"ejQ.x3m\rV)<F\r9ZA.xL`W^gV _ R19^3\\z[*X׬nTZ*TϠ;8VK_h4[_V+Z\tֆ-H)R@\'x!G`)Hz{C%,ToSb74oNľLM#(:kpE|0hipL-M\'Ez7Msz\vH㺸P@dU$|Kl3΅nd+1kH昝EsDt:QJ6ǋc-O/,%2\v\tn#OL4AhFf\tWɠ\r9\0pv׸-YLo^3h)0|a\r*,2rTRz(\'=em~R\0#5~Y|Ifo,B:\rLѲYl?mKK?N:/$W+cDCF/sn\"WFk1mqw6*.5hrR#6ݖv\"g_]__$U^D(-E\n39qrV2ka)0#\n\rdF\'OO1־(4;<;&dVb5diZJk Z\n!Ze&kv8TM#&&VTO\\*8:{^-zSC^P+\fv1`#\"3%u}Xgz~2Z\vse]񪢫?w\rߟXͦ6~=_Ⱦzɳ?Qlzn|ã\0RۋXݹhx<#?G/lnJUJa.=r#9.!p2;M,/\"2X=TΤ>}jȌ3wo,j 10R<P1cvBѓ7,=.,3\0Vs=*2\0For*\"h^јt˴\0Qb{Pgι5FmV3ݖ\n\\+aWG8Gxz!,/~?\r]^`S .L!vv85+M`%pS\fFV+\t/-XK]ӫx[MQ\n[d[~/7NEn/dԉ:̾\v1$BD;ǽ[8yzVN\'͌ ̂c.5k6_v>[Iu+K&[HFU#% rtTHGuH \fYoH⮧.c<_˟D%}oUWx[gVDľa4Iy\n;\t^ج#JX`ͥWGR+ӌRXd\fEp*\vpV3M#bzn:s]Ea5\"\'\\xd(Ks`?6g`<^>@vk)yhEFj=lttxؒrwW䷧GJ:Iߴp LF,kБVrBjub͵&4\0YԶ[0!ߏ]kMs+Sjhw%Pp+CA*Pi{\t3GH>bǷnh%Ty|!E-^}0ęPS>x3->7\r(}Y\v)F*M/vm!#e:ՍL\'/{[?Glu\"P3͵v,st[smrY}\"+ε钙rX\n<\'Ϻx~q|_RIl됬&^4\'aEo\'JmJqsZo\0˜jPk*DQx1kUO(Dη[mC9d=EOg!hFI=X[;a.pcJn~O~\raAMmAVq\tT4^D.Gkdd}єd+^2vn!Z\0=ԏ\"uXzU,u/~\")D\v?c$CwڀLGww~<WK_OgQi@yz͊k-lt\"}>Wy7ziF\0xh\v\0_+C@{c (E>QFA@zWޣFWt7V;/@0Ő~BGAQt̫x*\vڜ\v=`3\"=mVX3OnqhСxU;(8hD][pu`EוCFvv,F{դ@:cO1}4\va\f^b\nٖ<!nҺ1/#ڛmzm;].\'9\"͵\f|/<%`HapU\nh&2:bps%o`éjVtڝzAރvnsDnJaZGus,OM\n1=ґbOxB5m|*>72; k^Gm}4죹;:\0N7AP_ƾ=2wZCr(1>BS2ب_sLwL|L\t?jhIjqzy)[XK֭Gӕu?0UOtvݪe\0Dԙ8,.\"ԄgoXm\'Szće3fRue^^5ymvx0Zck\n.{\n@vFS424KpwofF}S{nlތeαԖѫ\vZz*- %{5_f>z6D<S}dx\"ZeK=ǐWw;*C\rgԔ-1af(MNiE\rnq爵I?Aa#zcخ+\"\f|`L0[b6VSIKݫ4jݔl1~Ĥ^G{۱\'[ ꢁ9jV95eu*6F&Ym}kZ!)Rz&c_H=FnN\"u\0`ѠƼ㠃@Boj-@\fy0YUDܶ.1xOX<L\t `|Kz䢜\'~5w<c6/8M\vszϢFv=p\tW=~u+3784}?Ә1[K |HdϜ?+vvYZ$L&J,LOՊ)Z_Qrk|׌oTCFQ~<\0D>CՍeՀkp\fht2ׅxCVst:qr\\t$(T9CO:f(GFoSof\'HÞ:X\r@>m.\fvp;h\0>(z+竲=Һzgaƍ%nY~T2W`I2I;LXK[/ \\WG\v𪜭yɼO\\ZB@y{\tiy͕#HܧF3gD2%P:cOG8KiJkP|\v\r}\r&9Z޺+{\v͏)_/ucV]\v,K짛A\t-\'SY\n\"ΌY5,W[&E;M\0qSTĆ2F 7v/ݵN)ܾ0 ˘guO;FSpQ˭i`!f[Wo\'Yuz&\r-KyArV]mBϡ7{{(h#h__,SF@R֚Llr67P-|}Em}ތi=mI1\fl4wvS_?FU#b\0-梯[O6\'y+L\r~\"S?콄|+o/Җn`6n)N4P4ҧúm9QvlW̭(H1*Z43h(01ZFb3P+mݍ|Q\0uZX\'7>j`+Na`)#SVKU.5\f!q5qtډG>㡈\"/-\n+s Ղ=JޭmDsV(:cJZmi?Iu0#Ms4֐gͶ{2aVJ{\trfpPˋؔ*m 2}-\r>}\0XMa{`P:2?{7o1WAv0+hG)6yzsѵ[vD]˂Y>tKPWlʦ޻Kx9R:6B$\n0O_]Hrn[WYl~L;U\fTpwqiyEGh\0\\5`Y]??7~c\0\0IDATܬH\nJEP77E^i \v#L9ZB\n\n|Bٷ\\SIs~4 \"o6iY,{7|&[hJY=mַE3.C\'#yu\0>B?\\?ղ- LGz9{}F#%l\f^i@9X-LFwތubJ<w4`\t\'YΜr]Q~#B҃dGyJT鳩Ltgrc5X<nɄ^37NJƌji;/\rWDF6V`ob\0\"Z ڳdt!w}D\\rH6FKtӃ.wFLL5p2r\0$p*RG[S!\'o=Kq`ނ>M9-2/>;U+!sq$s<5I&:\\wBʱjx; #OcQp1͗[3\vm;`g\f \"ǎ{hJu:2:#VdWq%uw|!!m;xhoIdEJedbzg?D~]\0q7ckX*D|:XuUPM4d6{\tkrԾ%.3ofߜi)tG4(E\n%<uX{dA\"*\"h{d){gMDv%g+4Pe(B\v\f_5N<,(ڙonë6\t56j_c50/X@?ӣP!9aZ1k\0LƸujاcZzr\no\0-ze{wNXYadK1nZJ4.FCd籅u;0>L>NpT72+Y,.A1kWT)!qp4-J͌~Y7v@%bx,a6XuH\rS>Z+8=;XފV]3r\"lh&BwJΘNB:`Qwsl#{;Ѳ m:k]kQW2Ơg2eE͍}n}Sѱ*[\"+4\nBn+871]o\0@~TGF5zSI$:\t7Uأb4X9:-UKCE=j+K>߀[LT^WSʯj%@St8\0]}>}$knRnh?օz^Cyi٢H?x)k!Gs,MqhFf| XdΗCZܑS7ͦdzZ7a9,GL+{js4wJ홒rZ\'\f3_x- ^[^ЋL{c೮oT4fv@TtWcZO1 WN,;r{=v=)t8?T\v<gchU\\N\0鴼n[7m\vimgz[:mEK%SZL[Tk窔zޞ0;\tHl\'uHУyV60NBu8\"1چY{?g;CUGLOEiȫ̶=반Ah#$Ft\v\0\\\tsAE)&\fQD\vF\"|hh5Iݔs&rqx0i~@-0݄Ex+*\"NSxhLZ}VJ_63?q.4ɔrxH\v|S&bT캋,JgoLsIXCHmʟS_͌W\'gIz6Δt]\'Tv12=;޵2PxesQWEbrVAft5g5 ^EDv-d^Оa`m]Zu+.a;|ڳqM{Q\\x\\{IV鴝\fՋ(kV4Ǎލ_]U>u\')cav:gߚ$gk?{vk4\rlQ4uNߤ^o3l{%u;X\n_/9$?IkxʌkpGژ\"^\nx>tqe`wwڽ\tgv:޽{O)##\t4VdN[pMdRbn`_(3յyX\fiaAuihZuBUTU=\fҒ|ɢSլ\f5\'1#Щ^7\\rY8-y7#j-zH9Hg;}Gyo@i8d0w7+5}ps=U)gvxl_\rF\tTºgG0ӯTz{cZ-񚕇<\fy[n^sC+0x&D}%H`3d(>Op=kcF˲M9RSda9Ӭy֗By=*_muپ6^.(@4\tpނ\t\ft@hTC}||M4|28-2uDb^,{uEɡKud~6LFjtlѿ\v&:ucO&0G~Rm>&i0CO@5i=\'KX޽^=7~m\0|kۭ΅?}bD09ChPڸܤcn;eo/EݾЪ26w뀑<^\n8G\06^NxA\'xt7K\tҎZ]ϨjwsgJ.Qv)Yj#7 b2tccLF9᥍GᝮEw7]D^RjݻWU3NER2}-T|==~q-\v\'*օnq\'S{7iy@3yus(Q(zPN>h\rjeHkN>暰kh#^\fQokI2=o6Xee16{Sy]-D..3τBE|+3j]\"jSd(*ޗ̺:r|Miߞ#B3{qq9V(4`t;_r4hoq{ԬʫFSs>`ǆQ\'Rdsf󽁳}<RbΩt͵wE>v#hʚtDymrXI=跭T \\ɤ\"O^\0/|XncrZQXooH!$}G\f{hQ<\v˓{s)%7dئkIf{g9L\\%]4O܏Fi|$A(WUK[\"gd\"`Z3~ʅd1B*)@Ŏ\f-;*b\"#oڻ.L3u)d\n5)ǖA޵2B;lA}[U (,xG5m@{23@܂Ҫ|ږ\"P|׆}d<u!.=H]{[EzWxXΑ]/zhdZ:<z0p׫\nv։ֵ\r0^#Kmʇ\v@|MxƐ\r\0>tLer @H6\n7dt#\tNu,xÒ+)[+qZ{U?Y(GNƥt88Roq}(ABѾk$r!ªH({\nS\f;\"2SR1Z!|}M)0ah3*FV0P^W v6\tLzh3\r^-?<R~9k\tSCFQ/!í*Q\0wY^0w=I.E;TbԠw|yVD4!a*gMIKx=ЁP+yϫ3V)\tr޳}l{vzRɑY*?Rfq]S35pHVƸʠ:#\"\vXZ0$TM]dj2\0eR\"\\Ѣhx j#Ahڋ+z(Sn1\f}{>YSruEGNLB6argtriPZw$IC9vf.vVƼ\n¿hw46v\0t̓v#]n?FLus!2i9ߠ~gx\\@\"3,AR3\"kNQE\"t%ǵJW[u`mZ5@<:d<[{Ūf\\I@\\>ȼV\'U?2]hW\rY9NZ\\^Jٍz<]ëDS|Lc+otZ3@@>F{tiL?WX;2bs>68n*2|=B^KmG:0\"`_FK7>q<:$_We̯v\'ƫc1\\B rc><-1Kinnr[]_q*\0X>>i/AOqUAdZ\"P??_?`>oi;E\0\0\0\0IENDB`","1","2018-09-27 22:20:43","1","1");


SET foreign_key_checks = 1;
